text	label
generic user for pm hello please rise summary generic user assignment assignee owner kind regards engineer pm re how engineer friday pm ca view el la se si si view developer	Access
activate visitor card sent friday december activate visitor card hi guys please can you activate visitor card work common areas stairs main lobby entrance thank you leader en	Access
project notifications by mail by hello please assign thank kind regards analyst november pm re by hi seems same problem kindly ask fix please please restore back by users note users also receive by starting today thank mob	Access
problem with the door third floor across we having difficulties with opening door sometimes needs validate card for or more times	Access
access card issues re starter access card enabling si ca ii la si la ii la et si va manager	Access
test licence test licence hello please provide license thank kind regards analyst ext hub	Access
enable access card for restricted area enable card restricted area please help restricted area thanks senior analyst	Access
password reset needed sent wednesday march unable access dear apologies for delay getting back you please be advised unlocked please advise him clear his cache browsing history try link please let know how goes looking forward hearing you thank you very much kind regards analyst ext hub sent wednesday march re unable access hello sorry bother you again but could you please treat with urgency called back unable work his keeps getting locked every tries access let know if there anything can help kind regards analyst sent wednesday march unable access hello please be advised reported morning unable access being prompted for credentials his keeps getting locked each trying troubleshooting steps taken until following unlock wait minutes clear cache restart browser but with luck ticket logged for issue could you please check issue advise thank you analyst	Access
software license request software license hello user needs license architect please share details how proceed regards administrator	Access
test professional license needed for support dear tester part providing application for needs one test professional license please raise for charge against abeam code thanks manager	Access
access request to confluence tuesday pm announcing hub hi please help friday pm fwd announcing hub begin forwarded date announcing hub director friday pm announcing hub black duck hub lot source software both internally client source brings benefits also introduces risks manage identity source components known vulnerabilities versions vulnerability affected few years ago which licenses apply implications old versions order efficiently questions these bought well known hub product implemented help manage source risks by automating checking needed questions charge more details about tool found confluence how works advice implementing how perform common tasks how communicate findings clients please take information provided discuss teams clients black duck hub manage source offer needed via	Access
service account is needed for queries black duck purposes integrating ad black duck hub allowing user authenticate credentials expiring order run name needs expiring authentication type digest regards	Access
account password change locked out problem sent friday password change locked out problem hello got locked out was asked change password cause was expiring changed laptop web after when tried logging laptop said locked out could you help out with writing laptop where still logged thank you	Access
id card needed sent monday id card needed hello id card broken would need one could you please help with thank you senior tester ext en	Access
mentions and are not working for me tuesday february pm mentions working hello facing problem related type user name comments feature based found users looks corresponding permission belong corresponding user thanks software developer	Access
new account dear create test seems he has problem his he old even he has permissions also created seems has accounts ad best regards engineer	Access
access cards friday re cards importance high good morning understood solved please card allocated colleagues thank best regards friday pm cards dear kindly allocate visitor cards two joiners thanks specialist ext hub	Access
space confluence add new users tuesday pm confluence add users dear kind help users confluence thank sincerely	Access
access to project hi repository thanks	Access
visitor card si activation november visitor card si si ca visitor visitor fie activate si tot	Access
generic user new address wednesday hi test please crated thank head analysis	Access
change password issue tuesday pm change issue dear had issue changing has helped resolve thank help kindly tester	Access
cont git november pm git la git tester	Access
create new users confluence tuesday pm create users confluence hello please create users confluence prod instance internship coming lot work mentioned thank analyst	Access
access hi guys please provide confluence client representatives thanks wednesday pm hi checked please provide log feedback within real lookup architecture thanks cohen senior water street floor ny toll free cohen production option information transmitted content communication confidential intended intended recipient affiliates subsidiaries intended recipient hereby notified information contained transmitted communication dissemination copying communication strictly prohibited received communication error please notify immediately by replying delete	Access
access to confluence required tuesday pm confluence required hi please allow confluence document repository user thanks	Access
card as available thursday february si la front si	Access
snow instance access march pm snow instance hello instance training purposes starter please help out her groups user please let further details needed thanks lead	Access
account for external user account to process together with thursday pm user good afternoon please create user fond client user role user tester	Access
to for external users name pm users extern extern	Access
oracle fusion access projects project management tuesday pm greetings error cannot because resource application administrator also contract function available please adjust user by replicating user thank kind regards officer	Access
account locked out resolved sent tuesday july locked out resolved hello please open ticket had problem with his ad was locked out had urgent need unlock assisted him thank you engineer ext en	Access
access for edwards and to confluence thursday add confluence hi please add instance confluence cannot users share out both thanks director	Access
add to friday february pm computer added dear please add computer repositories please note issue rather urgent thanks	Access
access cards usage belgrade thursday october pm cards usage hi please offices each location course assign teams order cards defined control which were more than days cards find out these cards were thanks	Access
sn access problem sn access problem hello could you kindly help with password reset for her please attached error she receives when trying log thanks best regards analyst sent tuesday sn access problem hi sd getting attached error message when logging into sn can you please unlock kind regards manager fin building th floor street se please consider environment before printing message should be regarded confidential if you have received error please notify destroy immediately statements intent shall only become binding when confirmed hard copy by signatory contents relate dealings with other companies under control details can be found	Access
access to not working sent wednesday march re access area tower importance high hello regarding request below please be informed cannot access rd th th floor tower with his card sr could you please check once again if was effectively granted access thank you regards officer	Access
set up a address for user ignite friday pm re hey which has by default connected groups needed user needs addresses receive thanks date friday hello please advised created generic guys please details user ignite kindly note unable enable presents itself after loss seen image please valid please groups enable mentioned kind regards analyst ext hub	Access
access to confluence friday pm confluence hi problem confluence insert actual seems tried after received link has via nothing happened received link help thank software tester	Access
urgent cant log into confluence sent wednesday march urgent cant log into confluence importance high below form should take tried correct also suspect locked out director mob fixed your zone	Access
new confluence space confluence hi please allow create confluence thank analyst	Access
account december pm la	Access
account for wednesday february pm	Access
accounts for client friday fwd client please dobson thanks begin forwarded re client date hi please add dobson thank lead	Access
new user request for tuesday november pm user hi kindly create user located please analysis board thanks senior analyst	Access
issue giving admin rights on user issue giving rights user	Access
visual studio subscription friday december pm visual studio subscription hello encounter problems visual studio attached snapshot regards developer december re visual studio subscription hello please kindly perform sign out vs window perform personal id created by please kindly let further assistance needed thanks analyst	Access
account blocked for blocked for hello please take look over for seems blocked she needs her laptop we have workshop starting with best regards test consultant en	Access
now switch license swap from switch license dear please arrange license switching also please assign please keep thread order rights confirmation	Access
request to create a new set of users for project create users hi dear please two tickets requests bellow assign thank best wishes engineer thursday pm re create users hello created users assigned please find doc passwords attached feel free other assistance best wishes engineer thursday create users hi please create by users user rights comments record issues bugs cannot other issues logged by other users record issues bugs cannot other issues logged by other users record issues bugs cannot other issues logged by other users record issues bugs cannot other issues logged by other users record issues bugs cannot other issues logged by other users record issues bugs cannot other issues logged by other users issues logged by questions please let regards head testing hi please create by wednesday users user rights comments record issues bugs cannot other issues logged by other users record issues bugs cannot other issues logged by other users record issues bugs cannot other issues logged by other users record issues bugs cannot other issues logged by other users issues logged by questions please let regards head testing	Access
card card la care vine si ca badge sa si sa sa ii manager	Access
hosting code hosting code hi regarding source control hosting how much take repository cost how much thanks regards	Access
password reset external users friday july pm hi also passwords regards	Access
new account for ad dear please create her credentials note match client please treat high priority thank user hi kindly expedite she out director after once has please her testing dashboard she logs best regards technical fax unit industrial centre cambridge	Access
one note not syncing one note syncing hi one note syncing when try get error feature disabled by your administrator because asking for password please advise use one note across multiple devices thanks head director	Access
enable confluence account for thursday pm enable confluence hello please enable confluence discipline please let more thank	Access
reset password for sent friday november small products hi can you please reset password for thank you sent friday november small products can you help thanks sent november re small products yes accessed while back tried reset password today message got regards pricing manager pricing commercial street web mob sent november re small products have you accessed past have you tried resetting your password asked sent november re small products si trying access confluence getting following error any idea can fix regards pricing manager pricing commercial street web mob sent november small products attached please find short summary where we re got with most information confluence there link would welcome your feedback ll set up short session with you two next week discuss useful please consider environment before printing proud be responsible corporate responsibility registered wales st court chart way west rh by regulation authority regulated by conduct authority regulation authority for your protection telephone calls be recorded monitored information confidential be copied or used only by intended if you have received error please contact immediately by returning please delete disclose any contents anyone responsibility accepted for loss or damage arising viruses or changes made message after was sent	Access
remove user from wednesday user hello please part hard token accessing hosting environment hand over thank software developer registered under number whose registered old broad street kingdom provide clients each subsidiaries separate entity	Access
license wednesday november pm hi please installing computer thank best regards programme portfolio officer	Access
license needed license needed hello please license best regards lead	Access
leaver access card returned friday february returned card la merci	Access
problem with file transfer from sd card to laptop sent monday problem with sd card hi need transfer some sd card laptop but work want open sd folder pc thank you for your help regards manager	Access
tickets missing for access card retrieval for sent thursday tickets for access card retrieval for dear we had leaver left july but we never received tickets for hardware id card retrieval however with prior his leaving returned assigned hardware access card well please investigate why happened necessary tickets if needed attaching received case you need for tracking purposes thank you engineer ext en	Access
please create ad please create ad hello kind create ad called users add thank kind regards analyst	Access
access to confluence friday confluence hi please confluence kind regards	Access
password reset for com tuesday october pm automatic expire today please note out until friday october st production issue please option	Access
leaver access card si el	Access
confluence space thursday february pm confluence hello dedicated confluence where store needs available write thank	Access
new record for new prod instance wednesday july record prod instance hi create record prod questions please let thank engineer future vacation	Access
visitor cards july pm re visitor cards hello cards deactivated good evening tower rom confidentiality notice content communication represents confidential proprietary information please consider environment printing tuesday july pm visitor cards hello kindly deactivate card visitor visitor visitor visitor thank	Access
quarantine november hi help client work help please by client which expire days done thanks application engineer ext november dear re received pm kb deleted automatically after days change frequency these within log registered under number whose registered old broad street kingdom provide clients each subsidiaries	Access
account thursday hello please log colleague thank senior engineer	Access
internal audit visitor cards review tuesday pm visitor cards review hi please each location where visitor cards make information control matches reality physical cards oms possession discrepancy must corrected appropriately recorded spreadsheet liaise oms each location questions please hesitate thanks information confidential	Access
for account dear please provide install locally copy intern si currently assign he charge automated dashboard needs his tasks develop automated tool uploading logs particular stories within transferring dashboard thanks lot regards	Access
internal audit leavers vs active ad accounts brown sent thursday leavers vs active ad accounts hi noticed leavers their ad accounts enabled if there reason for please disable accounts immediately thanks	Access
please add route to hello please assist add user profile route she connect	Access
license pm license hi please provide license ultimate edition kind regards front developer	Access
confluence is not available confluence available hello colleagues able access confluence please advise best regards tester	Access
tablet cannot onto the laptop cannot onto laptop colleague getting following message upon trying into laptop referenced currently locked out be logged onto would you please have look	Access
sp test had talk regarding sp test user she confirmed needed pm minute user generic sp test	Access
configure access cards reached out change cards interns	Access
users for access thursday july pm users hello please help users comes order same fresh graduates program best regards tester	Access
password for thursday july pm hello site cannot looks cannot remember requested provide by link has arrived please help thank	Access
confluence issue on edit thursday confluence issue hi client encountered issue while editing pages confluence chrome confluence renders height causing usability problems also experienced issue reproducing currently confluence version documentation upgrade higher fix issue please advise feasible solution other actions taken documentation ga pages chrome thank best regards analyst	Access
password warning receiving notification for leaver oracle sent tuesday october password warning dear left please deactivate his thanks head information senior manager frankfurt main frankfurt main sent password warning hello your password about be expired please reset your password id about contact notices terms use your privacy rights for more information about go	Access
cards as damaged tuesday cards hi please enable cards colleagues cards assigned damaged please help ones also want ask cards damaged thank	Access
password reset wednesday july hello guys please log little help configuration mobile device assign queue kind regards engineer ext	Access
confluence admin access to people management space tuesday pm re hi please log please assist come back him mind thank tuesday pm spatial agile	Access
confluence space confluence hello guys confluence help kind information thank design lead	Access
access to confluence confluence bun pot confluence wednesday december re confluence ca user si la thanks wednesday december re confluence bun user merge variant tuesday december pm confluence hello va si facility cine interest tutorial merci officer	Access
add to account team friday re confluence misspelled thursday pm confluence hello please advised find anywhere possible misspelled looking forward hearing thanks kind regards analyst ext hub thursday re confluence hello confluence share members part individually shared colleagues rd party client rather keep otherwise having groups thank wednesday pm confluence hello please advised confluence granted by administrator platform thank understanding assist please hesitate best wishes analyst ext hub wednesday pm re confluence hi please add confluence thank tester tuesday confluence hello please provide confluence once provided add her thank	Access
admin accounts needed accounts needed hello hopefully help allow log infrastructure believe also allow log well help ask thanks infrastructure architect infrastructure	Access
account is locked out on laptop locked out laptop hi getting message when attempting sign laptop reference locked out can you investigate respond urgently please thanks sent mobile	Access
cannot arm the security alarm cannot arm alarm hello two colleagues informed tried arm th floor did work apparently card reader did codes tried with different codes tomorrow cleaning come clean check with her if problem repeats kindest regards sent	Access
confluence access tuesday pm needed hello please pm thanks	Access
admin hello cine pee thank	Access
snow user for snow user hi please create user added please reassign snow license regards	Access
access to all offices wednesday card va ii la administrator	Access
new user accounts service now and sn tuesday user accounts hi please create user accounts press queues please let thank best regards cr discipline lead	Access
site exposed externally mail user creation tuesday pm site exposed externally hi please log highest priority today site exposed order accessed by questions please hesitate best regards	Access
new quarantine account friday hey guys weird part attempt did please thanks kind regards dear has created has quarantined order confirmation kb manage quarantined must create unable button please copy paste browser default locale once then release released deleted automatically after days please further information about please tip multiple addresses link these together single convenience log manage aliases	Access
access to confluence tuesday july pm confluence hi log confluence setting please help create sharing client let thanks	Access
domain admin rights friday rights hello please log assign needs permissions run script test purpose improvement mentioned additional details script required hesitate directly thank regards leader rights hello please advised working improvement automate printer test environment created script tested without issues taking consideration script run please grand rights order create apply test thank best regards engineer	Access
sonar project thursday february sonar hello sonar created meanwhile because swift please update users permissions thanks lead twitter	Access
package for march hi computer reason he license custom package please tickets best regards senior engineer	Access
new ad service account for am team am app monitoring wednesday march ad hi please create user active directory specifications name app monitoring never expires option activated user purposes best regards engineer	Access
open profile for friday november pm re log hi spoke issue user profile never created installed pc please create profile by him working his pc he works atlanta important thanks	Access
repository on git com tuesday february pm re repository git hello completed form want add repository developing automation framework particular thanks friday february pm repository git hi please fill setup form found policies forms fit policies fit procedures proceed logging after complete form kind regards analyst ext hub friday february pm repository git hello please help create repository git name hosting automation framework which developed internally thanks	Access
project license is needed for tuesday re license needed dear please kindly assign thanks analyst tuesday license needed dear please provide license expected period license by latest thanks	Access
can change password on sent monday february can change password dear could you please help change password best regards developer	Access
password reset on re expire days special way date october expire days dear expire days change pc press ctrl alt delete choose change thanks ext	Access
for account friday march pm hello please create he please make communication regarding going user thanks kind regards engineer got feedback friday march engineer friday march re sorry friday march re si care ca merci engineer friday march re id ii si merci friday march re id merci engineer friday march please investigate friday march si	Access
password reset request name	Access
access to confluence pm confluence confluence title thanks	Access
visual studio pro subscription visual studio pro subscription dear please kindly assign thanks analyst wednesday november pm visual studio pro subscription good morning currently vs pro license work please provide license thanks senior analyst automation tester	Access
access card not working sent wednesday access card working importance high dear colleagues please be informed access card working space thank you best regards manager	Access
access resources from tuesday resources hi guys resources resources nexus nexus confluence confluence resources also attached hosts file setup similar setup has by way understand possible without thanks test consultant	Access
lost access card sent wednesday lost access card hi our colleague lost his access card please activate instead card for him thanks manager	Access
repository friday july pm hi please create under name thanks discipline lead	Access
create rule for bogota users friday july pm create rule users hello please order create rule users similar rule thank	Access
access card enabling thursday december pm card dear cantina si va	Access
access to pm hi please required within nexus nexus confluence confluence wireless thank	Access
unable to submit sent wednesday february re licence for working for id save request date wednesday february re licence for hello sincere apologies for late please kindly place for license purchased for you thanks analyst sent wednesday february re licence for hi you have some regarding license for tool really need possible date monday february licence for hello could you please advise if licenses supported or required best regards analyst ext hub sent monday february licence for whom concern designer creative requested for his work wallet projects tool make him more productive improve collaboration with approve his request for software require for duration then terminate monthly licence yours head digital experience	Access
external account hello please create he confluence high priority user required name require additional information hesitate thank kind regards analyst	Access
access to password server hello enter credentials clients transition guess keep passwords transition word document feel free wrong thanks regards senior infrastructure engineer infrastructure upcoming holiday none id	Access
read rights for the following people confluence tuesday november pm rights confluence hi started build knowledge base confluence please give confluence part regards	Access
create external contact for july pm package hello please over credentials order person hired by collaborator package person details name thank	Access
confluence access for warden external notes wednesday pm hi client has confluence his has expired please his prolonged his geiger addition please confluence user client side his name warden his thanks galaxy	Access
kind request for assigning a new card for kind assigning card dear colleagues please kindly assign card colleague she damaged thank best regards	Access
re account confluence access re confluence hi member also same confluence also please share owner thank senior	Access
oracle cloud credentials for pas database pm hello want order app please over credentials work usual user name appreciated thank	Access
account blocked hello having issues with locked out changed password last week suspect for can someone help hello removed message removed ti sa removed message removed sa drag	Access
confluence account wednesday pm confluence va confluence mine reach out find out more about experience specialist	Access
access to and project for external users pm accounts dear please create five accounts provided more details credentials note these five accounts match enter also issues client please treat high priority thank hi please add accounts best regards technical	Access
access to and confluence db confluence hello dear please provide rights confluence databases thank best wishes engineer	Access
confluence access for wednesday march confluence hello please confluence regards	Access
confluence access for external user confluence user hi please provide broad broad confluence she had previously looks expired best senior consultant	Access
git not working sent wednesday re working thanks android developer date wednesday git working hello could you please provide list employees had difficulties logging git regards analyst ext hub sent wednesday re working hi working however happens other members too only for thank you android developer date wednesday git working hello could you please try few about or minutes you were users access ad keep ticket open awaiting your regards analyst ext hub	Access
suspicious received new quarantine account wednesday february suspicious received hi please assist investigating validity attached received over thank	Access
user wednesday pm user hello user which assignable repository currently jobs which own credentials secure please create user which assign repository out jobs newly created user out code noticed lot users created attached screen suggestion user name user created included please let further information required credentials user thanks engineering lead	Access
reset password on wednesday hi please log please assign queue regards engineer ext information	Access
new account for wednesday october hi guys please help senior engineer	Access
add user to friday november pm hi please add thanks ext mob	Access
access card needed for employee february pm card hello coming offices almost working offices visitor card advised by pm make card hereby mentioned card thank jolly good designer	Access
new card for accessing both the building and the parking for july pm re card accessing both building parking sorry made mistake apologize thank july pm card accessing both building parking importance high good afternoon kindly ask matter colleague owner card serial change because severely damaged please note he card parking also under building possible assign single card he both parking lot under building he did far thank much best regards	Access
confluence password reset tuesday march confluence hi please detailed thank mobile tuesday march confluence hi please both confluence thanks thompson consultant po old street liverpool thompson	Access
space confluence confluence hi please confluence link regards design authority	Access
unlock ad account canter unlock ad dear please unlock thanks senior consultant	Access
users to be created as ad users thursday july pm users created ad users hello please accounts attached users required yet thanks engineer got feedback thursday july re users created ad users si thursday july users created ad users care fie senior tester	Access
password reset request pm re expire days hi today got few expire days working change way described visual studio thanks product owner twitter door door expire days dear expire days change pc press ctrl alt delete choose change thanks ext	Access
bucharest th floor expansion quotation hello our colleagues building expanding th floor we would need purchase deliver another please liaise with our supplier for price quote for below options or our must have card per thanks kind regards officer	Access
admin for creditor portal com wednesday hi please cannot manage creditor few months ago added tried today user got sufficient rights thank senior	Access
grooming board and pm grooming board hello working currently board want grooming board refining stories prepare ahead currently please help create please let information require comply thank lead	Access
access domain pass reset hi guys please update requested provide detailed instruction how he himself which pass him other guys which required resent sooner later thanks tuesday pm re hello going expire few days extend wednesday july pm re thanks fixed director water street floor ny dial ext fax wednesday july pm re hi think fixed problem assigned users assign stories him please let issue kind regards wednesday july pm re credentials cannot find him assign stories him going director water street floor ny dial ext fax wednesday july pm hi checked user id looks information transmitted content communication confidential intended intended recipient affiliates subsidiaries intended recipient hereby notified information contained transmitted communication dissemination copying communication strictly prohibited received communication error please notify immediately by replying delete information transmitted content communication confidential intended intended recipient affiliates subsidiaries intended recipient hereby notified information contained transmitted communication dissemination copying communication strictly prohibited received communication error please notify immediately by replying delete	Access
activate access card on common areas sent tuesday activate access card common areas hi whether or should perform above request sending joined today his access card activated common areas please can you request be activated possible card number thank you leader en	Access
access to accounts new pas friday pm accounts importance high hi please thanks kind regards analyst friday pm accounts importance high hello please write dp within thank	Access
list creation creation please thanks let additional information require chief digital officer	Access
include pc include pc hello please include pc thanks	Access
lock screen not on brand after windows update lock screen brand after update hi after updated done yesterday lock screen one random picture nature landscape big priority but wanted cheers marketing specialist	Access
its user password reset friday november pm expire days importance high dear expire days change pc press ctrl alt delete choose change thanks ext	Access
admin account wednesday pm accounts privileges hi pretty much changed two months members which cannot even add machine because regular accounts please give privileges accounts example which by difference manage engineers please too because until maybe future these days install around prepare joiners engineers moving bench thanks	Access
reset password for our clients and clients expire days dear please updated credentials thank expire days hi kindly please regards fwd expire days hi please let thanks begin forwarded date expire days dear expire days order change please follow steps prerequisites disable device credentials close active connected by cable machine note also follow steps detailed press ctrl alt delete same pops change item enter format enter enter newly chosen then re enter again submit displaying has changed os machine browse enter format enter gear icon top tight browser window enter enter newly chosen then re enter again save connected note complete resources granted once connected by cable browse tick want change after logging enter format enter log enter enter newly chosen then re enter again change clients suppliers about expire please touch person then communicate back encounter issues hesitate by accessing yours please consider environment communication print views expressed individual except where specifically stated view subsidiaries addressed customers opinions advice contained subject relevant terms reserves right monitor communications networks notice intended solely named recipient contain privileged confidential information intended please notify immediately destroy must copy distribute take action reliance upon whilst efforts made safeguard cannot attachments virus free compatible accept liability respect viruses computer problems experienced important card details by	Access
account february pm hello please assist creating let further details thanks kind regards infrastructure	Access
access to confluence for ion tuesday pm confluence hi guys per please confluence add him his thanks	Access
notification old decommissioning old decommissioning hi please users dear users after migration version old decommissioned starting link become unavailable impact active old version please by order migrate instance thank thank	Access
password reset request friday pm hello kind thank kind regards analyst	Access
unlock account hi guys please unlock think locked operate asap thank	Access
found his access card wednesday october lost card hi guys colleague has found his lost card his old card activated back thanks tuesday october pm re lost card hi card available thanks tuesday october pm lost card hello please advised marked card lost activated card card assigned thank analyst community builder ext hub tuesday october lost card hi colleague has lost his card please his card lost activate instead card thanks	Access
access friday pm hello working meet problem connecting id machine number please add user ecosystem senior engineer	Access
card as available wednesday leaver card care firma	Access
are marked as unknown license re marked unknown license hi log please thank friday november pm marked unknown license hi black duck library well known libraries distributed under license terms black duck marked unknown license wonder ideas happening results view cheers design authority	Access
card as available thursday pm re leaver card tower ca wednesday pm leaver card tower ca suspended la ca analyst ext hub	Access
problem authenticating oracle and changing password windows problem authenticating changing password hi guys have problems be related cannot anymore says invalid or password cannot change password when says locked please assist asap have some kind regards	Access
account for wednesday february hi please create order repository automation workshop participating thank best regards senior tester	Access
new project hi please create client name additionally please create users addresses tester	Access
reset password for hi please she her anymore thanks	Access
visual studio license tuesday december visual studio license hello please provide visual studio license working code thanks tuesday december pm re visual studio license hello please informed assigned visual studio subscription receive benefits invite please kindly activate subscription activation please id personal please create also activate visual studio tool option please sign personal please kindly let further assistance needed best regards analyst	Access
external user pass reset user pass hi please provide pass please pass once updated thank	Access
reset password on wednesday pm hi please log help please assign queue thanks engineer ext information confidential legally privileged intended solely addressee opinions expressed mine necessarily represent opinions susceptible interference	Access
warnings warnings dear colleagues starting few days ago keep getting warnings about product being active machine below when starting tools complains about expired license checked another colleague computer does have above issues there anything should case thanks	Access
licence licence hello please let tool cost install pc want investigate include invoice commercial client regards discipline lead	Access
access to to project for smith and friday pm rights dear please give same level also please give ask given thanks officer friday pm rights help order accounts same role needs same rights where pm role accounts add tasks es accounts merci program	Access
service now license for tuesday pm license hi let introduce she member provide her license mirroring configuration please has approved more details please let thank engineer	Access
account february pm resources hi please resources she member confluence regards	Access
access card for friday march pm card hi please activate card she starting she working replacement due her sickness leave thank regards	Access
urgent procurement preparer role for tuesday pm urgent preparer role hi guys please kindly help urgent user preparer role she purchase requisitions users entity hi please kindly log colleagues fro help kind regards lead	Access
access card re hello updates regarding he starting today understood card available him thank friday re hi attached find added location workstation regards thursday pm hi please help thank kind regards id image cd	Access
access accounts access accounts hi could you find if there any permission difference between our previous accounts current accounts for example can access with while accounts allowed problem come back because one our clients trying access our with his gets error following does have sufficient permissions complete operation following permissions needed perform operation view level information can error be fixed or should you generate another password for his such can access thank you with kind regards developer	Access
confluence can access shared items sent tuesday october confluence can access shared items received saying have access attached but when try access even though logged says found or permissions please help senior engineer	Access
automation test mail automation test hello contacting regarding test received side ago seems application user please find user details test test required please user needed side thank best regards tester	Access
ms visual studio professional licenses thursday pm visual studio professional licenses dear please provide visual studio professional edition licenses install visual studio instead due requirements best regards head	Access
visitor wednesday july pm visitor visitor spa tower rom confidentiality notice content communication represents confidential proprietary information please consider environment printing	Access
internal audit visitor cards review thursday pm visitor cards review hi please each location where visitor cards make information control spreadsheet accurate liaise oms each location questions please hesitate thanks	Access
failed original message sent monday reset password password hi can you please reset password tried own but can please below also can you please check can access board view detail best regards senior tester original message sent monday password request received reset your password managed external directory able update your password please contact your administrator if you have any further here details your full name message was sent by	Access
notification applications confluence unavailable re confluence unavailable hi seen issues regularly several months seems often has root cause identified seriously impacting ability client work thursday confluence unavailable importance high hello everyone please advised currently experiencing issues confluence currently investigating these issues high priority return update more information becomes available thank understanding apologies caused inconveniences kind regards ext	Access
confluence thursday confluence hi confluence agile user seems recognize help thanks kind regards information confidential legally privileged intended solely addressee opinions expressed mine necessarily represent opinions susceptible interference intended recipient disclosure copying action taken omitted taken reliance strictly prohibited unlawful received error attachments please notify delete	Access
access to thursday client user hello please create user campbell thanks	Access
confluence confluence la confluence developer	Access
removal of wrong created issues removal wrong created issues hi done two mistakes creating these subtasks had create initially story task subtasks because sub tasks granularity needed functionalities features implemented described script please two sub tasks thank regards	Access
password reset re expire today hi kindly regards pm expire today importance high dear expire today order change please follow steps prerequisites disable device credentials close active connected by cable machine note also follow steps detailed press ctrl alt delete same pops change item enter format enter enter newly chosen then re enter again submit displaying has changed os machine browse enter format enter gear icon top tight browser window enter enter newly chosen then re enter again save connected note complete resources granted once connected by cable browse tick want change after logging enter format enter log enter enter newly chosen then re enter again change clients suppliers about expire please touch person then communicate back encounter issues hesitate by accessing yours information transmitted content communication confidential intended intended recipient affiliates subsidiaries intended recipient hereby notified information contained transmitted communication dissemination copying communication strictly prohibited received communication error please notify immediately by replying delete	Access
server owners audit tuesday pm re kernel stack please identify owners rise tickets information investigate shared challenge vulnerability exists exploitable owned by please operating subject vulnerability upgrade kernel till release date patched kernel mitigate vulnerability by setting challenge limit arbitrary high want deal kernel upgrade root code nexus cap pup thank best regards engineer	Administrative rights
oracle expenses app credentials sent wednesday february app credentials hi got app credentials recently for app sent temporary password worked but there seem be any way changing used working but yesterday stopped working could someone reset for point whatever mechanism should use change thanks	Administrative rights
install install hello please help install please let more details kind regards senior developer	Administrative rights
strange strange hi strange order prevent issues thank software tester	Administrative rights
outlook calendar changes thursday july pm calendar changes hello calendar person his his moment him please make appropriate changes add him thank testing discipline lead	Administrative rights
outlook issues re freezes when synchronizing with server hi unfortunately cannot perform steps suggested have rights computer due restrictions working can get somebody can enter password id en since cannot have for during procedure regards lead	Administrative rights
exchange calendar sending out thousands of acceptance notices sent friday march want you but you gave choice after accepting times another calendar issue have having said keep sending acceptance notices meeting over over again can attest have sent friday march want you but you gave choice after accepting times coordinator north	Administrative rights
windows upgrade instructions reminder upgrade issues hello lot users visiting asking regarding upgrade eating lot answering convincing best approach notify about please notify users upgrade about help received instructions reminder lower number walk disrupt overbooked thank great engineer ext	Administrative rights
outlook not working sent monday october working hi had issues with morning open kind regards administrator	Administrative rights
issues open issues open hello issues with handled by different could you please log ticket for below problem thank you engineer sent thursday october issues open hi frankfurt told you going come visit next week since having problems logging open was wondering if you could help or if should book ticket have attached issue thanks en kind regards frankfurt main frankfurt main	Administrative rights
problem with audio problem with audio hi after upgrade audio work developer en	Administrative rights
outlook sync issues re sync issues hi ticket raised for can you please help with issue regards sent thursday sync issues hi can you please check why conversations saved conversation history folder or why cannot them if these saved server you can find below personal settings happened after had laptop rebuilt scratch with win one month ago thanks	Administrative rights
outlook july pm re good morning has happened again today wants particular reason regards hi logging onto pc morning saying regards	Administrative rights
cannot install ms outlook and os december pm cannot install os hello install os accessed link displayed please looks haven assigned license please help issue kind regards tester	Administrative rights
upgrade en pm re upgrade la upgrade se intr ca owner upgrade upgrade la	Administrative rights
wrong picture outlook notifications wrong picture hello starting today have noticed displaying wrong profile pictures could you please verify thank you manager	Administrative rights
issue when opening safari issue when opening safari	Administrative rights
windows upgrade not available sc needed hello still have any updates software center senior tester en	Administrative rights
install thursday february install hi based attached requests please best regards engineer	Administrative rights
excel not responding excel responding hello have problems with opening excel files have only one file restarted program twice thank you kind regards	Administrative rights
laptop upgrade request thursday october pm re upgrade hi please has logged per had acknowledgement yet thanks kind regards thursday october pm re upgrade hi please advise possible upgrade hard disk meet requirements highlighted currently model intel cpu hard drive unfortunately cannot locate exact model number anywhere machine reference number requirements hard disk hard drive appreciated please back upgrade options earliest thanks kind regards	Administrative rights
windows upgrade download stuck at re upgrade started hello have trying upgrade today have free disk space connected cable old broad street have disabled when try upgrade download hangs have couple times but still same you have any suggestions thanks regards sent upgrade started importance high kind regards infrastructure manager ext phone subsidiaries separate entity liability for another such entity acts or omissions	Administrative rights
issues sent thursday hi working there any known issues thanks frankfurt main	Administrative rights
network issue with and outlook issue with having issue morning with her connections her was accepting her domain password rebuilt her seemed help but need someone check further why her password was syncing her connection coming up coming up even though need looked into well thanks much senior engineer upcoming days off phone number please consider environment you really need print	Administrative rights
windows upgrade failed error update failed hello tried update laptop received error during process thank you software tester address blvd th floor district	Administrative rights
outlook not working properly sent thursday november working properly dear have some problems with always requesting password but correct password provided accepted unless restart rules working mails come calendar visible for meeting set up by outside organization can we please schedule re install or check up why these problems occur thanks sr test consultant information confidential	Administrative rights
issue sent wednesday october re notification upgrade hi upgrade working for says failed	Administrative rights
outlook via sent wednesday july via hi have noticed over last two or weeks laptop cannot connect unless make connection used work without was sometimes more convenient intentional or something broken regards infrastructure consultant	Administrative rights
install and install dear please log assign helping her install her scanner thanks kind regards engineer	Administrative rights
outlook not connecting to server several users reported open sync server mails being sent received	Administrative rights
re outlook monthly pas calendar rights re monthly calendar rights hello please advise status request be clear subject line suggests calendar itself thanks sent monthly calendar rights hello receiving lot calendar please could you switch off accepted declined responses attendees meetings still would like keep any editing rights thanks manager please refer section our for list entities	Administrative rights
internal audit forbidden software pm forbidden software hi checked report forbidden software please find report looks colleagues having games based file sharing file store clients installed assets please reminder ask these forbidden please keep mind has hardware software reports hardware software report thanks	Administrative rights
absence record issues oracle sent absence record issues dear there some issues with absence record ones still awaiting approval print screen below can you please check thank you thanks kind regards cr consultant	Administrative rights
install open on pm install hi assigned recently appreciate installed often work well resources thank	Administrative rights
update is ready to be installed on friday december update ready installed dear user version has downloaded ready install please sign control panel update restore install update more about update please refer model language sincerely	Administrative rights
re notification issues with windows updates update faulty after windows update re notification issues with updates update hi guys what happens workstation already experiences issue screen invalid boot sector case for came back his trip found his pc faulted thanks application engineer sent thursday october notification issues with updates update importance high hello everyone please be advised previously reported updates issues have resolved however employees working if you have os installed your devices please leave your assets turned without restarting them when leaving tonight we be running some scripts prevent any future potential issues we return with updates tomorrow morning employees working anywhere when requested by please reboot your devices finish installation process you would normally below described issues originated problematic kb included october updates corrected by through another recently published kb should you encounter any problems along way or afterwards please hesitate contact thank you ext sent thursday october notification issues with updates importance high hello everyone several you have reported receiving multiple screen errors devices running operating following installation latest updates we stop their server your devices until root cause identified resolved until then if you prompted restart your device for updates installation take place please postpone for being devices running other operating seem be unaffected we return with updates matter become available thank you ext	Administrative rights
outlook issues sent wednesday july re notification intermittent issues resolved hi still experiencing issues other thanks wrote hello everyone please be informed previously reported issue resolved should be fully functional should you encounter any further issues hesitate contact thank you kind regards ext hub sent tuesday july notification intermittent issues importance high hello everyone you might have noticed we currently experiencing issues with some you might discover up below please check ask about again click allow you might also encounter slowness folders being updated or keeps asking for credentials we currently investigating with high priority we return with update more information becomes available thank you for your understanding apologies for any caused inconveniences best regards ext hub	Administrative rights
restart sent monday restart server does work please restart application engineer en	Administrative rights
update list on outlook friday march update hello please help update members attached excel updated communication also please thank specialist	Administrative rights
windows mail merge request merge dear merge attached more please asap thank kind regards infrastructure ext phone hello user name find out announcements rollout upgrade started ago since then tried apply upgrade maybe	Administrative rights
outlook on android android hello android supported by keep getting error setup thank	Administrative rights
cannot open outlook cannot open cannot open get error br	Administrative rights
anti bribery policy new version for thursday october pm bribery policy version hello bribery policy attached please version replace version locations thanks	Administrative rights
outlook issues sent monday issues hello please log ticket for regarding password issues problem was solved thank you have great si merge engineer ext	Administrative rights
july vulnerability scan results tower sent wednesday july vulnerability results tower hi can you raise tickets each following potentially high severity vulnerabilities ask appropriate teams arrange install appropriate patches or configuration changes please location address port vulnerability recommended fix tower check install patch computers were supposed have had update installed why these still tower multiple vulnerabilities remote host server message block enabled therefore by multiple vulnerabilities apply applicable update for your version server kb kb server kb server kb kb server kb kb version kb version kb version kb server kb tower server unsupported installation detection unsupported version detection upgrade version server currently supported was reported still seems be present but could be false positive tower vulnerability could allow remote code execution check install patch library tower vulnerability could allow remote code execution check released set patches for vista tower multiple vulnerabilities multiple vulnerabilities poodle multiple vulnerabilities logjam multiple vulnerabilities upgrade version or later or ensure these hosts located behind restricts access administrators tower host unix operating unsupported version detection release ended upgrade or another version unix supported receiving updates for bugs tower apache multiple vulnerabilities upgrade apache version or later server was updated apache after but superseded tower operations center multiple vulnerabilities upgrade version or later version or later or operations center version or later or version or later also advisory stable tower default credentials root password root either remove accounts or change password was also reported fixed tower server unprotected by password authentication enable directive conf configuration file tower default password db for db db password db assign different password possible was also reported fixed tower default was able log here list databases remote host log into host set password for any accounts using alter command addition configure by editing file conf require password or authentication for remote hosts have legitimate access require password locally using line password was also reported fixed tower listener remote poisoning apply advisory also alert for was also reported fixed tower privileged port bounce following command telling server connect port port produced following output command okay kind regards information compliance officer extension or	Administrative rights
windows issues sent thursday december issues hi part teams took advantage upgrading laptop wanted report issue happens very often after logging into with credentials up shows up saying desktop unavailable attached picture after clicking items desktop disappear need restart laptop then logging again way problem resolves itself but another thing updates work tried manually update but move what bunch weird folder names appear under partition writing for awareness need moment but please check log under specified code was informed by there special code for submitting issues thank you best engineer ext en	Administrative rights
windows upgrade error re win upgrade error dear have received acknowledgement for reported issue senior applications engineer en sent thursday win upgrade error dear when trying upgrade process fails with error please attached regards senior applications engineer en	Administrative rights
id issues eel sent tuesday march id issues eel hey guys colleague tried find eel could only find by last name credentials appear car instead remember also had issue some other tool but can seem remember could you please help by tracking fixing thank you have great communication specialist	Administrative rights
outlook pop up sent monday july up hi guys please log ticket for below also include attached but keep loop for resolution communication well thank you manager sent july up hello up started appearing few minutes ago when trying open some mails when trying scroll through longer runs while once gone normal activity resumed had about times few minutes kind regards her manager	Administrative rights
system factory reset thursday december pm factory upgrade hello after installing visual studio starting behaving weirdly dependent application fails install matter which install order connect remote vital information right think good perform complete factory great also upgrade process working please perform factory upgrade thank	Administrative rights
remove outlook account pop tuesday february dear please log seems myself left arrived lately his thanks mob	Administrative rights
admin rights on en rights hello update others require rights computer number connected wire engineer required install software test different configurations procedure thank much senior engineer	Administrative rights
has gone after upgrading to win gone after upgrading win hi after upgrading connection gone please could you help software consultant	Administrative rights
update with hardware info re run software hello thank requested attached os resource tried reboot run installer again same behavior gets installed run thank	Administrative rights
issue with outlook issue with already solved by please allocate his queue	Administrative rights
upgrade application from to version wednesday march pm re upgrade application version hi underline per please thank march re upgrade application version hello form attached kind regards analyst wednesday march pm upgrade application version hi please prepare attached version upgrade saturday please document filled please out tonight reminder friday morning details please let thank	Administrative rights
for issue sent tuesday november for issue hi everyone having issues with for app either hangs or gives attached error message regards	Administrative rights
outlook problems problems problems hello since yesterday cannot connect anymore or for changed password recently entering correct password places with need password order connect constantly appearing developer	Administrative rights
internal audit forbidden software forbidden software hi checked report forbidden software please find report looks colleagues having games based file sharing file store clients installed assets please reminder ask these forbidden thanks	Administrative rights
roaming profile issues sent thursday roaming profile issues hello please be advised having issues when move station station other than when en have profile issues cache files working always try stay cable turned off one colleague tried delete files certain machine but still issues continued could you please assist thanks kind regards analyst pl	Administrative rights
spider empire is not working sent july empire dear our spider empire working moment could you fix br manager frankfurt main frankfurt main	Administrative rights
windows upgrade start upgrade started dear update does start keeps loading indefinitely waiting status please attached for status info tried also connection thanks sent tuesday upgrade started kind regards infrastructure manager ext phone subsidiaries separate entity liability for another such entity acts or omissions	Administrative rights
upgrade sent wednesday october re notification upgrade hello failed why can you please help tx senior programme manager en	Administrative rights
social synchronizing issues friday pm social synchronizing issues dear facing issues regarding social job advertisements posted visible has happened several cases making difficult colleagues referral purposes also colleagues facing errors upload recommended certain job vacancy usually problem recognize format file please solving issue possible issue has proven quite uncomfortable discouraging colleagues provide referrals due malfunctioning which problematic provide additional details needed	Administrative rights
update laptop to windows update	Administrative rights
exchange issues for and sent friday march re issues copying manager she indicated she similar problems but reverse her laptop seems mostly but her phone meeting invites sent friday march issues hi have having intermittent issues with particularly around calendar invites have seen invites coming phone showing up laptop happens intermittently seems most common when but connecting or client site via caused or be late for important meetings also very frequently can connect for up hour senior architect	Administrative rights
low disc space problem pm low disc problem hi other colleagues facing low disc problem please merge two partitions partition best regards engineer	Administrative rights
headsets do not work with for headsets work with for hello please log incident for with assign her headsets were working with thanks operations manager managed profile	Administrative rights
re ms activation not activated getting message saying activation activated when open excel parallels	Administrative rights
outlook cannot connect to exchange server sent december cannot connect server hi getting error most morning saying cannot connect server currently but also told by happening for other users cheers sent	Administrative rights
issues with sent thursday issue with when friday dublin edinburgh lisbon where meeting hi have issues with cannot join there more conf id can use join over phone please can you help tx	Administrative rights
exchange was not working sent tuesday february was working could log into problem was solved please attach ticket him thank you	Administrative rights
new headset request re headset issues hi again updated status resolved maybe clear happened found out issue tested unit worked found issue resolution working headset unit working unit tested he took him after testing functional unit regards re headset issues hi thanks tips tried contacted did again matter how troubleshoot drivers port plugging headset nothing helps few days ago tried headset unit same model worked issues plugged worked think headset itself faulty even brand took out unopened regards	Administrative rights
outlook breaks when switching to cable sent monday november breaks when switching cable hi working using cable order connect recently whenever switch cable breaks remains try connect status could you please advise because issue receive late only after finish interrupt activities using cable kindest regards senior developer en	Administrative rights
windows installation se update la	Administrative rights
credentials sent thursday november credentials dear every for starts up asking for credentials change after entering these still asking for credentials could you please advise what should be done thanks head through data senior manager frankfurt main frankfurt main	Administrative rights
add exchange account outlook for add hey add native app problems same app same getting unable log special doing thanks because supports great single app work instead running back forth	Administrative rights
windows upgrade failure upgrade analyst ext sent wednesday october re upgrade hello there can find any update software center you can ss below what should thanks larger sent tuesday october upgrade hello if you already upgraded your os please ignore also if you member teams please apply upgrade yet thank you you receiving because we approaching scheduled for forced upgrade assets migrated yet before performing upgrade your please document found here carefully attention screen below please contact or should you require any further assistance best regards ext	Administrative rights
outlook and the sent wednesday december hello had change password week can connect without was asked for password over times before gave up connected via happens every change password why can you make these work without hassle please can you investigate sent hello used be able use out offices without connecting can only connect if connect via how can go back previous setup need change something thanks head next holidays rd th october th october th th october th th october registered under number whose registered old broad street kingdom does provide any clients each subsidiaries separate	Administrative rights
windows upgrade not available software center re upgrade started hi there upgrade item software center under operating tab thanks sent monday upgrade started importance high kind regards infrastructure manager ext phone subsidiaries separate entity liability for another such entity acts or omissions	Administrative rights
outlook credentials prompt issue sent thursday credentials prompt issue hello please log ticket since have solved issue was experiencing regards credentials prompt was popping up daily basis several times thank you best regards engineer	Administrative rights
for credentials sent tuesday february for credentials hello keep getting up asking for credentials seems work with normal	Administrative rights
pas problems problems hi can you please help pass over issues described previous thank you sent friday problems hi experiencing some issue when fill report problems facing review input link open save button for report works close button work regards agile manager	Administrative rights
outlook disconnected va si pot sa si sa	Administrative rights
outlook pop up sent wednesday october up hello have recurrent problem with receive notification password needed longer receive instead prompted following up matter how times enter password window pops up again again problem usually goes away with restart but since happening least once really believe right thanks senior analyst en	Administrative rights
windows update failure unable run update error	Administrative rights
notification windows upgrade for re upgrade hello dear please today thank hello everyone renewing announcement upgraded workstation thanking receptive stop reading coming back announce asking understand upgrading mandatory reached where forced upgrade process workstations forced upgrade procedures december back files please understand responsibility action forced upgrade automatically once started stop upgrade strongly advise off workstation avoid loss upgrade process take around minutes important note dependency remain version please notify asap workstation having less than free how please require assistance please article kb view article kb subscription store files please make files completely synchronized unlinking subscription please kb more kb view article kb kind regards infrastructure ext phone subsidiaries separate entity has liability entity acts omissions	Administrative rights
windows forced upgrade insufficient space on partition re notification forced upgrade hi only have around free drive know what delete would prefer remain current os but understand os upgrade mandatory kind regards technical consultant ext your zone sent friday december notification forced upgrade hello everyone if you already have upgraded your workstation we thanking you for being receptive you can disregard message last months you have received announcements advising you apply upgrade we coming back you with announce asking you understand upgrading mandatory you still have possibility upgrade by end week we kindly asking you give some for action take more than minutes apply upgrade please announcement below attached file only after proceed upgrade forced upgrade procedure start offices your means upgrade process automatically start your workstation you be able stop process we advise you press button stop process avoid any data loss important note please understand you have full responsibility for your files if you have dependency you need remain your current version please notify asap if your workstation having less than try free up some space if you know how please require assistance please article before kb view article kb you can use subscription temporary store your files please make files completely synchronized with before unlinking your laptop subscription please kb for more info kb view article kb forced upgrade procedure start if you physically one connected wired if you experience some issues during upgrade process please contact for you can always get contact your thank you kind regards ext hub	Administrative rights
and hibernate option missing after win update hibernate option after win update dear after win update hibernate options options quite useful thank you	Administrative rights
can connect to outlook sent friday can connect hi can connect phone or laptop keeps asking for password put asks again logged through but need access phone can someone asap thanks	Administrative rights
free up space on drive free drive hi please free install thank	Administrative rights
windows forced upgrade start date notification forced upgrade date hello dear please announcement today questions please please forced upgrade process workstations ones maybe good moment upgrade forced upgrade things mind trigger teams informed related action assigned teams after upgrade os under teams excepted action etc process less than connected connected over ongoing roll out amp users workstations segregate possible issues thank help kind regards infrastructure hello everyone upgraded workstation thanking receptive stop reading months received announcements advising apply upgrade coming back announce asking understand upgrading mandatory possibility upgrade by kindly asking give action take more than minutes apply upgrade please announcement attached file after proceed upgrade forced upgrade procedure offices means upgrade process automatically workstation stop process advise press button stop process avoid loss important note backup files entirely responsibility dependency remain version please notify asap workstation having less than free how please require assistance please article kb view article kb subscription store files please make files completely synchronized unlinking subscription please kb more kb view article kb forced upgrade procedure physically connected wired experience issues during upgrade process please kind regards infrastructure ext phone subsidiaries separate entity has liability entity acts omissions	Administrative rights
tools to be installed on from july pm tools installed hello please log install tools thank	Administrative rights
restart when opening hp after win upgrade se tot laptop	Administrative rights
re notification windows forced upgrade re forced upgrade hi win unable run win upgrade lack preconditions enough wired enough drive run win upgrade since upgrade storage issues also wired since february cannot connect via cable please help simple solution upgrade drive cannot trim lot lot versions take client sites how proceed best head agile wednesday december pm forced upgrade importance high hello everyone upgraded workstation thanking receptive disregard months received announcements advising apply upgrade coming back announce asking understand upgrading mandatory possibility upgrade by kindly asking give action take more than minutes apply upgrade please announcement attached file after proceed upgrade forced upgrade procedure offices means upgrade process automatically workstation stop process advise press button stop process avoid loss important note please understand responsibility backup files dependency remain version please notify asap workstation having less than free how please require assistance please article kb view article kb subscription store files please make files completely synchronized unlinking subscription please kb more kb view article kb forced upgrade procedure physically connected wired experience issues during upgrade process please thank kind regards ext	Administrative rights
outlook indexing not working sent friday july indexing working hi search does received last week makes think indexing working can you please advise what can be done make work would appreciate solution without restarting thank you senior manager	Administrative rights
meeting issue with outlook sent tuesday meeting issue with hi for some reason does allow send meetings when would like set up conf call what exactly happened but add bar even if try add search for via customize restart working well can you please help with thanks digital communications manager information confidential be legally privileged intended solely for addressee any opinions expressed mine	Administrative rights
windows installation request friday win hi please help installing thanks	Administrative rights
outlook issue sent tuesday july issue hi need your help dear back after weeks holidays unable access mails window please enter your password constantly appearing thank you for your help best regards manager can you please check raise ticket for thank you kind regards defect manager	Administrative rights
need to install install hello purposes install please let how install regards software engineer blvd floor district	Administrative rights
what setting can change ms outlook to impeach it asking for domain pass details each morning wednesday setting change impeach asking pass details each morning thanks job specialist	Administrative rights
en wednesday july upgrade has assigned hello please regarding upgrade subject thank engineer ext july re upgrade has assigned hi module upgrade inform him thanks lot effort br wednesday july re upgrade has assigned hi want inform module left which means probably assign happened because had instead spending modules spent additional module by originally reported uses which has please let decision whom allocate module thanks engineer ext upgrade has assigned hi got part memories arrived opening installing memories br tuesday pm re upgrade has assigned hello since has opened which includes modules whole proceed closing separate tickets installation logged receive memories supplier thank engineer ext re upgrade has assigned hello proceed procedure modules let receive modules bring installation thank engineer ext upgrade has assigned hello please advised record number has assigned please review details take appropriate action reference number details requested location kale building summary upgrade additional comments requirements upgrade hi upgrade additional member myself please proceed thanks tuesday upgrade hello teams upgrades lap tops additional order perform related testing please organize upgrade thanks assign reference assignment summary location kale building please link kind regards ref msg	Administrative rights
upgrade final report tuesday march pm upgrade final report hello please provide report similar gave back november order determine how assets solution updated thank november upgrade final report hello please informed finished process upgrading version solution users assets results total assets upgrade assets represent upgraded assets upgraded status assigned status disposal growth etc users assets status assigned disposal growth etc regards technician	Administrative rights
outlook not working for access yesterday had issues using over attempt solve problem had try repair ever since then does work appears for deleted for some reason access very important work sales primary means connecting with potential clients	Administrative rights
issues sent friday october re issues issue related cable for kind regards sent friday october issues importance high hi guys th floor advising having intermittent issues can be investigated urgently regards manager registered under number whose registered old broad street kingdom does provide any clients each subsidiaries separate entity	Administrative rights
apple settings for outlook apple hello please instructions how receive apple running thanks	Administrative rights
win installation re forced upgrade hi tried upgrade software center show update available updates available disk free disk other order win update package regards senior engineer wednesday december pm forced upgrade importance high hello everyone upgraded workstation thanking receptive disregard months received announcements advising apply upgrade coming back announce asking understand upgrading mandatory possibility upgrade by kindly asking give action take more than minutes apply upgrade please announcement attached file after proceed upgrade forced upgrade procedure offices means upgrade process automatically workstation stop process advise press button stop process avoid loss important note please understand responsibility backup files dependency remain version please notify asap workstation having less than free how please require assistance please article kb view article kb subscription store files please make files completely synchronized unlinking subscription please kb more kb view article kb forced upgrade procedure physically connected wired experience issues during upgrade process please thank kind regards ext	Administrative rights
virtual machine snapshot and restore request virtual machine snapshot restore hello having snapshot taken due update os backup upgrade fails way name engineering lead	Administrative rights
users infected with virus reported infected with virus	Administrative rights
outlook configuration configuration hello please log call assign queue under for helping reconfigure thank you best regards senior engineer en	Administrative rights
assistance with software assistance software hello please assign she required assistance providing enter where app hosted which required test functionalities features thank engineer ext	Administrative rights
outlook error message sent monday error message hello need your assistance with error message got when use please below can you please advise what means what need fix thank you infrastructure manager	Administrative rights
upgrade to windows for november pm upgrade hi please assist upgrade workstation his currently working requires working docker containers environment working expected after days investigations troubleshooting side recommended members setup environment attached thread reference please assist upgrade process urgent since due these technical impediments entire deliver expecting thanks	Administrative rights
hardware upgrade virtual environment access request thursday july hardware upgrade virtual environment hello currently doing exercise personal studying few containers which getting more more popular industry docker deploying environments etc helpful hands tests better grasp these concepts unfortunately lack environment workload possible hardware upgrade virtual environment where run test bare minimum upgrade additional optimal hardware contain also cpu storage upgrades please let options available thank	Administrative rights
windows upgrade upgrade hello everyone precursor win update tried back drive instructed received error stating insufficient limit how much store thanks content	Administrative rights
move project from to move hi move date instance client instance order saved administrators side thank agile	Administrative rights
windows activation wednesday october activation hello please log assign appropriate activating operating more please let thank engineer ext	Administrative rights
windows upgrade assistance upgrade sufficient upgrade cum pot upgrade	Administrative rights
need full version of acrobat installing on test laptop version acrobat installing test	Administrative rights
internal audit forbidden software friday march pm forbidden software hi checked report forbidden software march please find report looks colleagues having games based file sharing file store clients installed assets please reminder ask these forbidden please keep mind has thanks	Administrative rights
upgrade wednesday october re upgrade hello best endpoint agent available software waiting thanks	Administrative rights
issues friday issues friday hi guys please raise investigate thanks sent friday october issues friday hi have call morning encountered some issues second delay audio with person sitting next audio being dropped words sentence being transmitted participant losing audio entirely enough info investigate regards ext mob en glee your zone	Administrative rights
windows upgrade upgrade hello sa upgrade la data engineer	Administrative rights
cannot connect outlook to mailbox re cannot connect mailbox dear checked with replied problem side we think should investigate thank you kind regards infrastructure manager ext sent tuesday cannot connect mailbox hello for few months after reinstall have unable connect laptop server order add mailbox error cannot find server could you please investigate what preventing connecting note have able past connect using these instructions here thank you agile en	Administrative rights
upgrade users notification upgrade users hi going upgrade application sonar users users ad groups version upgrade dear colleagues upgrading application version saturday december mean application accessible version changes sp sonar available more valid sonar were sp sonar starting valid change affect please consider updating configuration files order avoid issues deep code analysis flow analysis detects hard find bugs reduces false positives learn more complexity highlights methods require learn more multiple issue locations highlights statements involved issues learn more issue backdating activating rules break gates anymore learn more file move file move rename detected during analysis learn more typescript highly demanded code analyzers available learn more greater insights shows matters important metrics highlights metrics code shows status gate learn more measures improved measure more visualizations enhanced usability overview graphs added allow quickly identify risks learn more activity charts show changes over allow zoom history understand pinpoint changes learn more search provides ability search by multiple terms provides faster more relevant results learn more permissions profiles manage rights every profile learn more integrated robust status gates automatically enabling break pipelines custom build release learn more please hesitate note wish notified planned works please accept invitation attached good how warm regards concerns please let thank senior engineer	Administrative rights
for not opening contacted saying for open	Administrative rights
project software installation wednesday pm software installation hi kind install computer give location sn registration thanks best regards senior infrastructure engineer infrastructure	Administrative rights
outlook send receive error send receive error hey when trying update files manually because automatically way working properly receiving error could you please help thank you	Administrative rights
windows upgrade insufficient drive disk space drive disk space hi have had response forced installs due start friday last week with client th th dec need some input what can free space before forced install machine becomes unusable since last message space reduced available thanks sent november drive disk space hi have moved files can move drive machine documents downloads folder drive but only have space after moving files required regards en	Administrative rights
outlook problem sent monday november problem hi please be informed today have problem with can receive mails open older one etc please take issue with high priority thanks regards	Administrative rights
internal audit forbidden software forbidden software hi checked report forbidden software november looks colleagues having games based file sharing file store clients installed assets please find please reminder ask these forbidden growth assets please status user location software product name assigned assigned legends growth counter strike offensive growth warcraft growth legends assigned assigned battle assigned counter strike offensive assigned battle assigned counter strike thanks	Administrative rights
july vulnerability scan results upgrade apache version sent thursday re july vulnerability results hi can you raise tickets each following potentially high severity vulnerabilities ask appropriate teams arrange install appropriate patches or configuration changes please location address port vulnerability recommended fix update for server check install patch computers were supposed have had update installed why these still multiple vulnerabilities remote host server message block enabled therefore by multiple vulnerabilities apply applicable update for your version server kb kb server kb server kb kb server kb kb version kb version kb version kb server kb vulnerabilities server could allow remote code execution check released set patches for bulletin server crafted request handling remote code execution check released set patches for vista bulletin vulnerabilities remote code execution check released set patches for vista server unsupported installation detection unsupported version detection upgrade versions server currently supported unsupported version detection upgrade version currently supported others vulnerability could allow remote code execution check install patch library vulnerability could allow remote code execution check released set patches for vista host unsupported version detection upgrade version currently supported currently preferably with latest patches installed host multiple vulnerabilities update with latest patches host multiple vulnerabilities update with latest patches host unix operating unsupported version detection release ended upgrade or another version unix supported receiving updates for bugs multiple vulnerabilities operations center upgrade version or later version or later or version or later or operations center version also advisory advisory stable host dependent multiple vulnerabilities multiple vulnerabilities running unsupported version upgrade version or or later also apache multiple vulnerabilities upgrade apache version or later preferably update least including update installs also apache tomcat multiple vulnerabilities bundled update apache tomcat version or later also bug id host unix operating unsupported version detection older than upgrade version unix operating currently supported or later also tower agent port upgrade agent version or later use unidirectional agent communication also groovy script remote code execution vulnerability upgrade version or later or disable scripting server unauthenticated access restrict access port by using command if client server facility used disable entirely type enforcement failure remote authentication bypass if using upgrade free edition personal edition edition or later if using upgrade version or later also server unauthenticated access disable authentication type various multiple vulnerabilities update latest supported version or versions out should be used or your operating vendor server channel use after free remote code execution upgrade or later also misc ca bypass upgrade or later alternatively vulnerability can be mitigated some distributions by disabling keyboard interactive authentication method can be done red hat by setting etc configuration file restarting though breaks password authentication also share mountable was able access sensitive information remote shares without having root privileges configure remote host only authorized hosts can mount remote shares remote server should prevent mount requests originating non privileged port agent default community names disable remote host if you use especially write filter incoming packets going port anyway change default community string default credentials root password root either remove accounts or change password server unprotected by password authentication enable directive conf configuration file default was able log here list databases remote host log into host set password for any accounts using alter command addition configure by editing file conf require password or authentication for remote hosts have legitimate access require password locally using line password accessible without credentials refer guide for information restricting access display securing listener remote poisoning apply advisory also alert for kind regards information compliance officer extension or	Administrative rights
fiddler issues amp related fiddler issues hi since transition when start traffic stops tried re installing case please advise software architect ext	Administrative rights
windows upgrade upgrade dear colleagues finally managed obtain more than partition but cannot find possibility trigger upgrade win maybe late response since was informed few weeks ago about upgrade request please advise thanks best rare tester ext sent tuesday october upgrade hello if you already upgraded your os please ignore also if you member teams please apply upgrade yet thank you you receiving because we approaching scheduled for forced upgrade assets migrated yet before performing upgrade your please document found here carefully attention screen below please contact or should you require any further assistance best regards ext	Administrative rights
windows list request hello announcement users wave upgrade please create called wave users under treat priority please	Administrative rights
unable to use after update to windows os unable use after update os	Administrative rights
re notification oracle fusion post upgrade issues resolved re notification fusion post upgrade issues resolved hi there still cannot access for week date thursday notification fusion post upgrade issues resolved hello everyone please be advised previously reported issues related work schedule fixed you should be able submit your timecards if you were experience further issues please hesitate contact kind regards ext sent monday notification fusion post upgrade issues importance high hello everyone please be advised following fusion upgrade release some you experiencing errors related logging into application timecard work schedule we currently working resolve these issues we update you any relevant information available we apologize for any have caused thank you for your understanding kind regards id image ext	Administrative rights
remove assets from assets hello please make assets please thank application engineer ext	Administrative rights
outlook problem sent july problem hi have issue with into app says please enter your password when tried was successful can you please solve thanks	Administrative rights
outlook issues original message sent tuesday november laptop issues today working can someone help fix sent	Administrative rights
install tuesday february pm install hello installed pc kindly thanks analyst extension	Administrative rights
quarantine issues sent wednesday february you have hi there lot here be quarantined can you send over instructions how avoid having them sent tuesday february you have dear you have month top vacancies bounce bounce newsletter kb celebrating years trailblazing newsletter kb tip harvard review bounce mkt newsletter kb newsletter newsletter kb frontiers customer engagement digital experience we you attend newsletter kb updates community yammer newsletter kb yammer we re testing editing yammer posts bounce feedback newsletter kb updates data practice other groups yammer newsletter kb getting real value customer journey mapping newsletter kb celebrating years trailblazing bb newsletter kb learning employees about your customers bounce bounce newsletter kb why customer retention newsletter kb school experience newsletter kb tip harvard review bounce mkt newsletter kb digital march th baker volkswagen coming you ad newsletter kb daily alert harvard review bounce mkt newsletter kb updates other groups yammer newsletter kb daily alert harvard review bounce mkt newsletter kb bird rates available newsletter kb trusted kb daily alert harvard review bounce mkt newsletter kb newsletter root newsletter kb tip harvard review bounce mkt newsletter kb oxford sa marketing we need your questions newsletter kb newsletter kb be deleted automatically after days you can change frequency these within your portal log	Administrative rights
win install issues win install dear please log assign fixing issues her installing thank kind regards engineer	Administrative rights
poll issues not showing real status of re multiple polls down edge hello bogota confirmed wireless up running please raise separate ticket fix polls issues report real status thank you manager	Administrative rights
help with outlook app thanks north date thursday re app only apple allowed others turned off for senior engineer ext cell upcoming days off phone number date thursday re app ah sorry what about app same allowed north date thursday re app you forgot thread take care ticket app allowed you be able use or connect thanks senior engineer ext cell upcoming days off phone number date thursday re app yeah app also one question tick server requires encrypted connection north date thursday re app senior engineer ext cell upcoming days off phone number date thursday app hey trying set up app but credentials working what should put under settings for server domain thanks north	Administrative rights
problem with windows upgrade problem with upgrade hi seems available for device you can attached image thanks	Administrative rights
please install windows on working station friday february pm please install working station hello given issues os morning please install thank friday february pm unable view profile hello os profile working station needs diagnose done thank	Administrative rights
issue with outlook sent friday november issue with hi guys assisted morning with issue please log ticket assign him for closure thanks regards manager	Administrative rights
july vulnerability scan results unix os unsupported re july vulnerability results unix os unsupported hi apologies looks like failed copy info over output files fact there were two such servers found flavour location address port vulnerability recommended fix host unix operating unsupported version detection ended upgrade or another version unix supported receiving updates for bugs host unix operating unsupported version detection ended upgrade or another version unix supported receiving updates for bugs kind regards	Administrative rights
outlook issue issue pattern browser master	Administrative rights
upgrade issue wednesday re upgrade hello tried apply update method described several times run administrator received saying update cannot error software change returned error code please thank senior analyst pm upgrade hello everyone please advised update version version assets highly critical perform upgrade during two weeks based availability order avoid virus attacks latest virus database available order update please follow steps more detailed guide found software center by searching software center search menu best endpoint agent install selected wait installation status becomes installed reboot computer icons newly installed endpoint tools note during update process lose approximately minutes questions encounter difficulties upgrading please hesitate thank kind regards ext hub	Administrative rights
not working feedbacks review db responding	Administrative rights
web mail server not working any more working more hi users different mostly code review application needed change working more back please thank developer	Administrative rights
buzzers from some doors are not activated when doors remain open sent wednesday physical issues importance high hi today have performed review physical controls place our spaces have found following issues emergency access doors floors closing properly due some mechanical issues have found doors open please raise for work together with our facility manager landlord fix buzzers some doors activated when doors remain open moreover these configured automatically send raise ticket if left open for period please raise another make configuration also for doors intruder alarm armed ooh due some technical issues applies for offices please raise another for make issues solved possible shortly with more details with respect subject thanks	Administrative rights
outlook and the tuesday hello out offices without connecting connect connect via how back setup change thanks head next holidays rd october october october october	Administrative rights
windows upgrade insufficient space on partition re notification forced upgrade hi have enough space laptop for upgrade there nothing obvious can remove help have space partition though can reconfigure drives but need key log disk encryption detect change can we arrange available please regards sent november notification forced upgrade importance high hello everyone if you already upgraded your workstation please disregard message we coming back you with announcement order inform you upgrade mandatory you still have possibility choose when upgrade interval we kindly asking you give some your action possible estimated for upgrade process complete approximately minutes please announcement attached file only after proceed upgrade starting with we start forced upgrade means upgrade process automatically start your workstation you be able stop process we would like have assets upgraded before date forced upgrade take place one you be notified before least two times please understand you have full responsibility for your files important note if you have dependency your you need remain your current version please notify possible if your workstation having less than try free up some space please article for more information kb view article kb you can use subscription temporary store your files you have space there please make files completely synchronized with before unlinking your laptop subscription please kb article for more info kb view article kb for you can always get contact with your thank you kind regards ext	Administrative rights
windows upgrade re upgrade hi understood free memory required partitioned folder only but shows only free out have checked temp folder recycle bin desktop but where need delete some data order install can have call with some colleague thanks officer sent october upgrade hello if you already upgraded your os please ignore also if you member teams please apply upgrade yet thank you you receiving because we approaching scheduled for forced upgrade assets migrated yet before performing upgrade your please document found here carefully attention screen below please contact or should you require any further assistance best regards ext	Administrative rights
what should do regarding the windows update regarding update hello until december work client location greenwich states update station regarding update regards developer	Administrative rights
new laptop set up hi had replaced macedonian strange software needed installed onto	Administrative rights
outlook search issues search issues hello files being searched indexed properly please can help head	Administrative rights
unable to access outlook constant credential prompt sent tuesday july hello pot desktop tot si pun tot se pot browser pot face	Administrative rights
list of assets hello please log providing exact assets which installed needed number name location also keep loop virus remote thank hello received software removes installation present please let how proceed further regards technician thursday re hello please informed solution automatically tools installation propose run installation task assets where present automatically old solution waiting product automatically present opened id within back updates regards technician pm hello based latest software reports received instances installed several assets light way centralized manner order avoid contacting each user individually location software product name number installations virus remote virus remote virus remote virus remote please log thank	Administrative rights
outlook not working on laptop sent monday february working laptop hi submitted ticket earlier today hoped would resolved by restarting etc pretty big issue only able access address going be swamped when we get back work tuesday but was hoping could take look laptop when we get tuesday morning since very familiar with macs thank you for your assistance regards	Administrative rights
log issues log issues	Administrative rights
update cal update cal hi please update cal by thank kind regards senior software developer cal	Administrative rights
outlook calendar no information on availability sent monday calendar information availability hi have issue with seeing availability information colleagues add meeting invites please below snapshot example also message displays please advise thanks registered under number whose registered old broad street kingdom does provide any clients each subsidiaries	Administrative rights
keeps popping up keeps popping up	Administrative rights
exchange issues sent tuesday issues hi there problems for multiple users users unable connect via looks like same problems yesterday error trying connect can be looked urgent issue thank you	Administrative rights
issue connecting to outlook mail server sent friday july issue connecting server hi experiencing difficulties connecting via desktop app server for last couple days connecting via works fine could you please help solve inconvenience thank you	Administrative rights
windows updates check status of march kb thursday pm updates status march kb dear please log call status mentioned come back commented table status column kb name status march kb test march update kb march update kb march based kb regards leader	Administrative rights
referral mail problems referral problems hi saturday referral was sent attached problem also inactive positions employees might be confused make any action for sending could you please advise how can solve issue order happen future thank you regards specialist	Administrative rights
windows upgrade friday march pm upgrade hi upgrade client regards	Administrative rights
issues with expense report issues dear our our meeting room frankfurt still out order already informed you but nothing happened yet getting expense report approval talked already told her for what was but she still can solve issue next week we have run would get money back thank you manager frankfurt main frankfurt main	Administrative rights
update update hi please matrix version location	Administrative rights
upgrade failure sent tuesday november re notification upgrade hi would but have kind complaint software center effectively empty below effectively stuck step connected via please advise how proceed or feel free apply whatever remote magic you have best regards expert	Administrative rights
windows post upgrade issue upgrade hi upon completion upgrade process able start computer can you please help thank you kind regards	Administrative rights
cannot find windows update software center cannot find update software center tried forcing policy up date still update available	Administrative rights
addresses of employees not displayed outlook addresses employees displayed dear colleagues can seem find with check names neither nor could you please check understand two space tabs her but can find her even if looking by thanks job integration taxation specialist	Administrative rights
outlook new message and detached message windows are not displaying properly message detached message displaying properly dear please log ticket assign for fixing his display thank you kind regards engineer en	Administrative rights
win upgrade error win upgrade error va la upgrade la laptop sa data si si print screen thanks tester	Administrative rights
problems with outlook client hi for more than month having problems with client there several issues keen bugging have shows up every minutes give or take asking connect regardless if introduce credentials or keeps showing up works fine even if close can meetings properly works fine if open recurrent meeting with option series however if want or cancel one occurrence crashes or have wait for minutes for open can rules get error message screen attached thank you	Administrative rights
outlook request password for invoices module sent tuesday february problems hello have some problems with asks introduce password for module but still working after thank you for helping kind regards accountant	Administrative rights
windows forced upgrade query re forced upgrade hi pilot were told once wide roll out receive different version win question wednesday december pm forced upgrade importance high hello everyone upgraded workstation thanking receptive disregard months received announcements advising apply upgrade coming back announce asking understand upgrading mandatory possibility upgrade by kindly asking give action take more than minutes apply upgrade please announcement attached file after proceed upgrade forced upgrade procedure offices means upgrade process automatically workstation stop process advise press button stop process avoid loss important note please understand responsibility backup files dependency remain version please notify asap workstation having less than free how please require assistance please article kb view article kb subscription store files please make files completely synchronized unlinking subscription please kb more kb view article kb forced upgrade procedure physically connected wired experience issues during upgrade process please thank kind regards ext	Administrative rights
clean windows installation clean installation hi ask allow manually install win technical issues also issues migrating win clean installation solution solution proposed by thanks tester	Administrative rights
windows os install request friday pm os install dear help os migrated funny part pm tried upgrade part pilot test os via several times unsuccessful machine fresh install please plan action thank kind regards infrastructure ext	Administrative rights
windows installation md time installation dear install today pm best regards software tester	Administrative rights
upgrade can update the sent monday re notification upgrade hi can update software center attached some screens shots process regards developer mobile en sent friday notification upgrade hello please be advised we have enabled update for version version your highly critical you perform upgrade based your availability order avoid virus attacks have latest virus database available order update please follow below steps open software center by searching for software center search menu check best endpoint agent click install selected wait for installation when status becomes installed reboot your computer hidden icons you can open newly installed endpoint tools note during update process you lose for approximately minutes should you have any questions or encounter any difficulties upgrading your please hesitate contact thank you kind regards ext hub	Administrative rights
problems connecting to open and accessing folders on problems connecting open accessing folders hi had issues with above helped resolve them kind regards administrator	Administrative rights
issues bad debts write off sent tuesday july issues bad debts write off urgent hi please raise ticket for below request thank you kind regards sent tuesday july issues bad debts write off urgent sent tuesday july issues bad debts write off urgent dear please help resolve below error asap director	Administrative rights
exchange unable to connect unable connect hi after days out work today able connect through connecting also able connect through br	Administrative rights
outlook calendar issue sent monday november calendar issue hello guys have problem with meeting have calendar for tuesday november between others can have asked for attached have already restarted with luck kind regards resource manager	Administrative rights
not working today working today hi guys work last today morning there any issues with thanks officer	Administrative rights
removal from removal hi guys please assets possible anyone report issues please redirect thank	Administrative rights
reinstall os wednesday october reinstall os dear please re install operating best regards	Administrative rights
setting rules for outlook setting rules dear please assign colleague he helping thank kind regards country	Administrative rights
printer issues sent friday february printer issues hello we have encountered again some issues with th floor printer we trying print some documents but printer responding says out although scanner works we could send printer computer via copier works singular issue th floor printer problems every thank you kindest regards tester en	Administrative rights
install friday november install hello guys please assign queue install regards engineer ext	Administrative rights
outlook not opening hi please be advised loading profile continuously prompting for credentials could you please help kind regards	Administrative rights
issue while trying to upgrade to windows issue while trying upgrade hi while trying upgrade machine by following instruction document was unable find operating option software center please check attached addition software center machine differs appearance one instruction thank you for your help	Administrative rights
not go out on outlook go out	Administrative rights
eel manager access for wednesday december pm eel hello please give eel similar required designated by manage sitting building therefore make changes similar order align physical against thank	HR Support
notification schedule annual it satisfaction survey schedule annual satisfaction survey hello starting annual satisfaction survey assistance invite kindly attached colleagues please ensure thursday december two more reminders follow st december encourage response rate prior dates let require assistance additional information thank care	HR Support
please delete timecard from oracle friday february please delete timecard hello please delete timecard date thank head analysis	HR Support
access card maternity leaver form maternity leaver form hello please find attached maternity leaver form pm re maternity leaver form hi please find attached let today needed off until regards wednesday pm maternity leaver form hello please fill maternity leaver form thank	HR Support
oracle fusion down time notification thursday march pm down hello work requested tomorrow morning prod during application unavailable please details form attached appreciate short notice critical error which has addressed high priority thank understanding kind regards	HR Support
photos of employees needed photos employees needed hey guys girls kindly ask way give photos listed photo uploaded pins ceremony present everybody help til noon please arch arch lead lead pm arch lead arch arch pm pm lead pm pm pm pm analysis pm pm testing testing analysis pm testing pm testing pm pm architecture pm testing pm pm testing testing thanks lot great weekend specialist	HR Support
user experience user experience hi please help extend date pm user experience think reason cannot please help asap urgent topic order make thanks	HR Support
old pas down sent friday february old down hello could someone please check out old seems be down getting following error was working yesterday error details error web request processing failed nested exception model could find for each specified objects form status code thanks integration manager	HR Support
access needed to thursday needed agile dear agile involved agile thank senior test lead	HR Support
new starter tower pm assistants starter testing discipline dear please informed candidate accepted job offer test automation engineer st please create his accounts credentials per attached form thanks specialist	HR Support
maternity return access card tuesday pm re return maternity hello sorry pm return maternity hello provide starter form looking forward hearing thanks kind regards analyst ext hub tuesday return maternity hello please fill she well return maternity	HR Support
direct reports missing time thursday pm please action reports hi take note has paternity leave mentioned period please update his entries accordingly thank please action reports dear part established processes each required submit his weekly basis each friday past must submitted receiving because reports haven followed process please help cascade accordingly gets possible breakdown reports please note refers has left maternity other absence leave please update person record otherwise please person directly submit country date total days	HR Support
access to friday pm hello along credentials collaborator located kiev her name thank	HR Support
expense reports issues problem saturday expense reports issues dear couple problems submit expense reports problem both probably also test cannot select number creating expense reports cannot added by hand error submission by searching found search code definitely exists same submitting reports please investigate please also problem cannot create expense reports because add expense items shown both template type empty please investigate thanks head	HR Support
preparer and buyer rights for march pm preparer buyer rights hi guys please kindly preparer buyer rights thanks kind regards	HR Support
access to november pm hey permission link forms grades job titles archives tube maps maps disciplines model view link looking site thanks digital creative	HR Support
days issue sent monday re notification annual leave days visible resolved hi have issue regarding days shows have only but should have considering fact for over years could you take look into thanks developer en	HR Support
request access to saturday hi please help giving he thanks regards senior developer	HR Support
access march va si eventual test vine ca test area lead thanks test lead	HR Support
oracle problem for expense report sent monday october problem for expense report hello writing you there following issue there have raised namely expense report approved by manager with does seem be with anymore could you please figure out way move forward thanks head analysis	HR Support
error oracle sent monday re please action submit your cards for approval hi please ignore for thanks sent monday please action submit your cards for approval hi received below although below weeks were already approved these weeks weeks were have least one leave annual or special tried solve issue for week but have made some mess able reenter submit tie card can you return back task were previously for week check why these weeks with changed status br applications analyst en sent monday please action submit your cards for approval dear you receiving because you have cards haven submitted for approval please note enough only enter your but also make you submit your for approval take corrective actions case your submitted card gets rejected below breakdown your submitted cards please submit for approval your accordingly possible country submitted cards card status entered entered entered total submitted cards submitted cards statuses explained error usually happens when you log calendar view for period longer than days then delete one entry causes timecard switch error fix you should add back for deleted or delete entire timecard using right hand side menu recreate again rejected card was rejected by one approvers please correct card entries accordingly resubmit entered status timecard when only one or few days entire timecard have entered saved cards status passed entered validation but gone next submission step for any card issues you can resolve please wait but raise corresponding incident through portal for resolutions	HR Support
get transferred to re hi could you please raise ticket for below thank you engineer sent monday hello can you please check why below expense report get transferred thank you have great accounts payable	HR Support
maternity leaver para access card maternity form complete dear considering started her leave please help completed form thank lead	HR Support
new job oracle hello please create job job developer grade engineer looking forward hearing thanks kind regards	HR Support
cannot submit any expense reports sent monday cannot save print previews expense reports therefore cannot submit receipts importance high dear sir madam currently unable submit any expense reports due being generated correctly have tried multiple browsers getting same error please advise	HR Support
leaver mailbox leaver mailbox dear please arrange mailbox forwarded upon her leave date thanks	HR Support
non starter for march pm re starter ad hi thank much creation ad unfortunately join please cancel apologies inconvenience	HR Support
presence pm presence dear please provide report shows presence based her badge thanks head testing	HR Support
remove annual leave for sent remove annual leave for hello we tried play with namely create cancel holiday everything went well less cancel holiday days please remove following annual leave friday for colleague best	HR Support
new interns for bulk am friday july re bulk starter form interns hi guys thanks pm bulk starter form interns hello fill interns starting july return both thank administration officer ext	HR Support
new starter wednesday july pm hi please fill thank regards	HR Support
send to all bucharest staff facility blvd rd floor	HR Support
new starter wednesday october pm re si wednesday october pm re va ne si va la wednesday october pm hello va ne date administration officer	HR Support
printer floor out of service printer floor out hello printer floor unavailable following message raised consultant	HR Support
new starter thursday starter form hello please fill starter form thanks ready file link attachments starter form	HR Support
leaver form for leave date october location leaver form leave date october location hello leaver form has filled by name leaving date october location ad forwarder leaver mailbox did leaver roaming profile did leaver ad rights personal mailbox approver did leaver rights inventory storage required information name work location details floor seat did leaver did leaver token did leaver mobile phone subscription did leaver other commercial accounts leaver has detected changed automatic by approver backup pm purchase coordinator approver approver approver approver discipline responsible other did leaver did leaver did leaver did leaver did leaver number did leaver extension leaving details unplanned comments area needed tickets automatically logged best regards note mailbox receive messages	HR Support
oracle time card problem have problem with submitting card for last week status error	HR Support
new starter dear please find attached she join starting rd kind regards	HR Support
not possible to submit time sent wednesday possible submit hello due start date was th started fill date but when try submit getting following error could you please with thanks lot senior tester	HR Support
leaver november centre leaver form leave date november location centre hello leaver form has filled by name leaving date november location centre ad forwarder leaver mailbox did leaver roaming profile did leaver ad rights personal mailbox approver did leaver rights inventory storage required information name work location details floor seat did leaver did leaver token did leaver mobile phone subscription did leaver other commercial accounts leaver has detected changed automatic by approver backup pm purchase coordinator approver approver approver approver discipline responsible other did leaver did leaver did leaver did leaver did leaver number did leaver extension leaving details unplanned comments needed tickets automatically logged best regards note mailbox receive messages	HR Support
printer st floor issues sent thursday printer st floor hi please check print job queue printer giving error best director	HR Support
access thursday july hello please users addresses best	HR Support
open to access all resources tuesday december pm resources dear via client resources testing please help these effort much appreciated best regards tester	HR Support
oracle access for pm hello please make has thanks kind regards leader	HR Support
new starter wednesday re starter form date hello please kind make everything colleagues thank best regards leader tuesday pm starter form date hello please fill starter form her date going confirmed approximately ready file link attachments starter form note protect against computer viruses programs prevent receiving certain types file attachments determine how attachments handled	HR Support
marked with incorrectly marked with incorrectly hello could you please be kind modify fatal error for ticket currently fatal error should be fatal error kindly ensure records updated correctly scores updated well impact negatively overall score per per individual case you require further information please let know thank you customer care en	HR Support
new starter bucharest thursday december pm re starter form va ne si va la thursday december pm starter form hello please help by filling out starter form thank ext	HR Support
credentials thursday credentials hello tried while advised by colleague credentials these work please combination regards	HR Support
new starter calderon hardware allocation colombia bogota bogota mart complete colombia dear please help completed form mart testing internship student intern joining well please complete going his where he going seated thank compliance officer colombia	HR Support
florin salary approver is manta but he still appears list tuesday pm salary approver he appears hi please transfer also although transfer under old structure done previously he appears thank	HR Support
please action direct reports missing time sent thursday july please action direct reports dear please log ticket for application help out with again submitted but there still seems be problem with engineer en sent july please action direct reports hello can you check if you have submitted below please thanks sent july please action direct reports dear line manager part established processes each required submit his weekly basis each friday for past week must be submitted for approval you receiving because some your direct reports haven followed process please help cascade accordingly gets possible below breakdown your direct reports please note if refers left or maternity other absence leave please contact update person record otherwise please contact person directly submit their manager country for for date total days	HR Support
time error oracle re error sorry can help below sent friday error hi did something wrong when submitting sift got below error able resubmit correct one can you please help thank you kind regards accounts payable	HR Support
secure key fobs request wednesday november key fobs hi provide secure key fobs mobile hard token guys coming november allocated based kind regards planing officer infrastructure	HR Support
new starter form for add her to project to project key ext hub wednesday pm starter form hi once has created please proceed creating providing per please mind her date confluence environments stag test test test test license mentioned visual studio license studio add her key vacation requests update version mentioned found thank mobile wednesday pm re starter form hello starter best regards senior developer wednesday pm starter form importance high ext registered under number whose registered old broad street kingdom provide clients each subsidiaries	HR Support
remove template oracle leaver from december templates hello also templates graduates also please rule leaver these name thanks leave notice	HR Support
please action submit your time cards for approval same keeps repeating please action submit your cards for approval hi have keep getting every monday morning there any way get rid kind regards sent october please action submit your cards for approval dear you receiving because you have cards haven submitted for approval please note enough only enter your but also make you submit your for approval take corrective actions case your submitted card gets rejected below breakdown your submitted cards please submit for approval your accordingly possible country submitted cards card status saved total submitted cards submitted cards statuses explained error usually happens when you log calendar view for period longer than days then delete one entry causes timecard switch error fix you should add back for deleted or delete entire timecard using right hand side menu recreate again rejected card was rejected by one approvers please correct card entries accordingly resubmit entered status timecard when only one or few days entire timecard have entered saved cards status passed entered validation but gone next submission step for any card issues you can resolve please wait but raise corresponding incident through portal for resolutions	HR Support
deleting the time entries for december and december wednesday december pm deleting entries december december hi please help deleting entries december december schedule these two days were added by days entries december delete december thanks sr software developer	HR Support
maternity leaver access cards maternity leave hi maternity leave attaching maternity leaver form thank regards administrator	HR Support
leaver service now december center leaver form leave date december location center hello leaver form has filled by name leaving date december location center ad forwarder leaver mailbox did leaver roaming profile did leaver ad rights personal mailbox approver did leaver rights inventory storage required information name work location details floor table seat did leaver did leaver token did leaver mobile phone subscription did leaver other commercial accounts leaver has detected changed automatic by approver backup pm purchase coordinator approver approver approver approver discipline responsible other did leaver did leaver did leaver did leaver did leaver number did leaver extension leaving details unplanned comments needed tickets automatically logged best regards note mailbox receive messages	HR Support
oracle time card error card error hi could you please raise incident cannot submit card for week due below error regards manager	HR Support
timecard deletion assistance request wednesday december pm please action submit cards dear please help deleting entries enter submit again thanks december please action submit cards dear receiving because cards haven submitted please note enough enter also make submit take corrective actions submitted card gets rejected breakdown submitted cards please submit accordingly possible country submitted cards card status entered total submitted cards submitted cards statuses explained error usually happens log calendar view period than days then delete which causes timecard switch error fix add back deleted delete entire timecard right hand side menu recreate again rejected card rejected by approvers please card entries accordingly resubmit entered status timecard few days entire timecard entered saved cards status has passed entered validation gone next submission step card issues resolve please wait corresponding resolutions	HR Support
configure jobs jobs hi helped jobs views view job views view job views view job log thank engineer	HR Support
oracle not able to log time sent monday able log dear able log opening option receive notification able any actions other tabs fusion logging off restart use other browsers help could you please help with regards head testing	HR Support
access to friday november pm dear colleagues via port allowed currently sources please assign responsible thank br	HR Support
leave leave hi leave starts please help completion attached form thank lead	HR Support
access to space pm give layouts source hi help location layouts source bb view type name regards agile	HR Support
new starter july pm hi please fill starting st further assistance needed side let thank	HR Support
please access to secure area pm please secure area hi please physical secure area tower thank officer	HR Support
new starter center wednesday pm assistants starter testing discipline dear please informed starter ex intern testing discipline starting today tester grade please convert her intern status thank officer	HR Support
new task oracle task hi please add category tasks chargeable thanks officer	HR Support
please action missing time days doubled please action days doubled dear please below highlighted info could you please check why days were doubled notification thank you sent monday october please action dear part established processes each required submit his weekly basis each friday for past week must be submitted for approval you receiving because you haven followed process please action possible below breakdown your please log accordingly training materials available here id if by each wednesday there still past period then your manager also be notified country manager for for date total days	HR Support
leaver for kale building friday pm re pm issue hi cancelled kind right thanks mobile date pm issue hi saying yet him st date please advise regards analyst ext hub friday pm issue hi has even started work please thank design lead	HR Support
please action direct reports missing time please action direct reports hello guys please investigate empty fields message thank you sent please action direct reports dear line manager part established processes each required submit his weekly basis each friday for past week must be submitted for approval you receiving because some your direct reports haven followed process please help cascade accordingly gets possible below breakdown your direct reports please note if refers left or maternity other absence leave please contact update person record otherwise please contact person directly submit their manager country for for date total days	HR Support
oracle problem urgent sent monday december problem urgent hello issue encounter when try enter issue for when go section get saying sign information invalid error also when click enter data for get different form error than expected expected images attached sincerely	HR Support
access request hello guys please view inventory thanks infrastructure architect ext	HR Support
access to for user provide ca effective date please allow these prod test	HR Support
oracle time tracking for a leaver tracking leaver hi guys members leaving his tomorrow he marked leaver he leaves friday empty he cannot submit his card his name please gone wrong his card vital closing thanks	HR Support
vacation approvers thursday march pm vacation approvers hi please vacation approvers his thanks developer mob	HR Support
server side redirection rule for mailbox friday march pm side redirection rule mailbox hello please side rule mailbox specifying alerts redirected please find example how rule control panel confirmation needed thanks kindest regards analyst pl	HR Support
oracle time sheet issue sheet issue hello there having small issue with sheet entered by mistake null sheet code such only hours tried deleting entries but allowed delete them only for monday tuesday wednesday delete button displayed for thursday friday entries attached with problem because those two extra entries cannot submit sheet because appears be error also tried delete whole sheet for week but possible either delete button deactivated you have any ideas how can manage delete those two entries thank you tester	HR Support
route between the and dc ad tm com wednesday march pm re route form hello please advised checked engineers ad tm also suggested maybe help kind regards analyst wednesday march pm re route form hello senior engineers advised second kind regards analyst ext hub wednesday march pm route form hello please take advise help thanks kind regards analyst wednesday march route form hi please setup route ad tm seems available other offices think benefit well thank senior infrastructure consultant	HR Support
oracle time cards issue cards issue dear morning around have received about submitting cards around part cards have changed approved entered also there some annual leave entries enter myself have attached with following best regards engineer en	HR Support
critical alert sent wednesday critical alert following alert occurred status active description tape failed failed perform operation since tape free tape available tape library based for more information open administrator console review alert details monitoring task area	HR Support
submit incomplete week oracle tuesday submit incomplete hello going days leave code absence leave starting date submit incomplete please help out thank	HR Support
error oracle sent monday query hello can you please advise how can remove leave sheet th th th th th showing annual leave incorrectly won seem let remove saying restricted absence thanks client manager notice upcoming leave tuesday wednesday th	HR Support
close access for tower friday february pm close area tower hello please close secured area colleagues date today effective close date thank regards officer	HR Support
timecards issue sent monday october re unable sign sa va ca ca si se pare ca pot si merci monitoring engineer	HR Support
request access to secured area tower re secured area tower approved thank officer november secured area tower hello please secured area tower date kindly please approve thank regards officer	HR Support
error th sept error th sept hi getting following error when trying submit daily working hours	HR Support
for hi please help two next rd floor customers programme lead technical log done via available tuesday best regards upcoming annual leave	HR Support
new starter friday october starter form importance high ext	HR Support
timecards review not resolved yet sent tuesday we updated timecards review resolved yet hi please open ticket call thank you best regards sent tuesday we updated timecards review resolved yet hello kindly be advised below thank you best regards specialist ext hub sent tuesday we updated timecards review resolved yet hi please be informed ticket resolved please find attached latest response kind regards sent tuesday we updated timecards review ticket resolved fellow we think below query logged for you resolved we we did well your ticket details ticket reference summary timecards review description sent wednesday re cards cannot be approved entries submitted but available cards more info resolution response days after hold awaiting customer response ticket was marked resolved	HR Support
add to march pm front hi please help getting newly hired responsible currently copied best regards	HR Support
access to through wednesday pm hello please provide required performance testing best regards	HR Support
new starter friday pm hi please fill starting further assistance needed side let thank	HR Support
new starter confluence tuesday pm hello please fill date july thanks	HR Support
holiday discrepancies remove annual leave request tuesday july re holiday discrepancies confirmed regards head testing mob july holiday discrepancies hi had lot confirmation about holidays which take moved please days back holiday entitlement thanks	HR Support
term absence hardware friday pm re term absence hi please find attached filled form regarding please maintained thank thursday pm term absence dear considering left term absence per attached form please return completed make updates him active also possibility maintain his waiting information him via thank lead	HR Support
error submitting time card attempted submit card received below error human resource assignment for transaction does exist	HR Support
en ooh reboot tuesday pm ooh reboot dear sd please call reboot due vulnerability assign queue short description order mitigate impact device passing traffic urges customers reboot appliances run affected versions software reboot appliance must performed prior days uptime after reboot appliance avoids encounter issue days days cluster days find link additional best regards engineer	HR Support
hookers hookers forwarded thanks	HR Support
can submit expenses report oracle sent thursday can submit report hi can submit report expense report error message you cannot submit expense report because contains errors uploaded receipts however around each item have message imaged receipt required	HR Support
re oracle entry error and vacation request saved re entry error vacation request saved hi absence was submitted for timecard error adding assist thank you manager sent tuesday october entry error vacation request saved hi seems like annual leave request st until st stayed saved status status caused error for card st until th can you please fix thanks best regards belgrade	HR Support
unable to submit december time card please action submit cards hello seems complete december help developer please action submit cards dear receiving because cards haven submitted please note enough enter also make submit take corrective actions submitted card gets rejected breakdown submitted cards please submit accordingly possible country submitted cards card status entered total submitted cards submitted cards statuses explained error usually happens log calendar view period than days then delete which causes timecard switch error fix add back deleted delete entire timecard right hand side menu recreate again rejected card rejected by approvers please card entries accordingly resubmit entered status timecard few days entire timecard entered saved cards status has passed entered validation gone next submission step card issues resolve please wait corresponding resolutions	HR Support
leaver inventory update monitor retrieval wednesday maternity leave hello frequent person leaves maternity leave raised hardware retrieve hardware remains gets lost while moved by other latest discovered today starter told monitor his number device assigned informed after maternity leave type incidents create several problems devices monitors lost misplaced after person returns additional hardware despite assigned name while person maternity monitor since possession cannot reassigned other users closet monitor belongs cannot provide location presence which create other issues please log monitor retrieval kind regards engineer ext	HR Support
create to restrict access th floor thursday pm re members hi by restrict floor dedicated teams please personnel attached spreadsheet both sheets create groups users physical control which then allocated permitted groups floor points main doors side doors near stairwell doors required control populated accurately particular reason restriction implemented possible personnel has changed since spreadsheet please notify going forward notify members needing floor leavers roles changes captured via processes kind regards	HR Support
oracle please update for sent monday october please update for importance high hi please could you make following updates for should be similar please could you correct person number for should be person number thank you	HR Support
error sent friday error se analyst developer	HR Support
new starter tower thursday december pm assistants testing discipline dear please informed interns become colleagues within testing discipline tester tester tester tester please change accounts permanent status please close accounts internship ends december candidates employment holidays officer	HR Support
internal transfer oracle friday july hello please attached thank ext friday july re hello please attached updated thanks application senior engineer thursday july pm re hello please thank ext thursday july re hello holiday fill forms form needs filled by he his confirmed please forms filled thanks application senior engineer thursday july re hello according job offers mentioned since st july added she made offers thank ext thursday july re hello sorry reason these transfers guess transfer discipline please advice needs filled help once clarified added he knows more thank wrote hello please help by filling out colleagues date transfer st july thank ext	HR Support
docking station docking station hello please provide docking station thank much head	HR Support
th floor floor hello recently got position doing shadowing requires floor floor please help kind regards	HR Support
follow up re hello please help setting thanks br officer colombia	HR Support
one drive access friday pm drive hi please provide drive thank application engineer	HR Support
reports and rights for and reports rights dear please matter assign thank kind regards engineer tuesday november pm reports rights hi please underlined reports thanks accounts receivable lead planned annual leave november december	HR Support
please action direct reports missing time montgomery sent thursday november re please action direct reports hi already provided information for have left have added information your table red below have way adding for have left complete returned term sick leave thanks operations manager sent november please action direct reports dear manager part established processes each required submit his weekly basis each friday for past week must be submitted for approval you receiving because some your direct reports haven followed process please help cascade accordingly gets possible below breakdown your direct reports please note if refers left or maternity other absence leave please contact update person record otherwise please contact person directly submit their manager country for for date montgomery hrs off shift off shift off shift left left left left left left left left left left total days	HR Support
new starter thursday november starter form hello please help by filling out starter form thank	HR Support
access bit bucket friday pm bit bucket hello please bit bucket more please let	HR Support
leaver kale building closed	HR Support
missing person oracle sent person hello one person career her career but she appear list can you please add her career thank you	HR Support
service now access required friday required hi please provide he currently regards	HR Support
oracle time management sa care pare	HR Support
incorrect number of annual leave days sent monday march incorrect number annual leave days hi annual leave request form have some strange with decimals allowed remaining vacation days below could anyone have look issue thank you senior developer	HR Support
oracle pm hi please help modifying expected work period worked per ended st december starting normal schedule per thank tester	HR Support
access to am oracle pas support queue sn december pm hello please queue thank kind regards engineer	HR Support
delete vacation days for week delete vacation days hi please delete vacation days did worked had problems needed work help solve thank sr software developer	HR Support
check oracle account for thursday november please action reports dear report referring she bench also keep getting report even about please assist best regards senior engineer wednesday november pm please action reports dear part established processes each required submit his weekly basis each friday past must submitted receiving because reports haven followed process please help cascade accordingly gets possible breakdown reports please note refers has left maternity other absence leave please update person record otherwise please person directly submit country date total days	HR Support
reporting error sent wednesday error hi trying generate for reports for month filled out form appropriately receiving error generated can you please let know what issue here thank you senior manager	HR Support
expense report error while submitting sent thursday expense report error while submitting hi have got any response december th can you please take care kind regards expense report error while submitting hi getting following error when try submit expense report can you please help kind regards	HR Support
time report error sent october report error hi please attached error message received when submitting report receive error message regardless period code selected please help with issue thank you sox controls manager	HR Support
please me access to july pm administrators please thanks by	HR Support
error submission of time entries error submission entries hello have issue when trying submit card reproduction steps follow click submit confirmation appears card status submitted receive says there error submission entries please contact your administrator already talked about issue we recorded process explained above bellow you can previous trials submission can you please help thank you senior developer	HR Support
application error sent october application error hello have following error application context with card approved mode tried modify wed another code mistake was deleted card for wednesday you below instead use button cannot anymore error also if try complete wednesday received second error below request help fix wednesday was previously thank you quality consultant	HR Support
view for view dear please help computer thank weekend kind regards friday pm view hi possible please help colleague view her computer thank	HR Support
error oracle sent thursday error dear today was trying add days for week mon one report screen different screen presented below monday was saved cannot be saved due error presented can you please check thank you	HR Support
manage time cards sent tuesday manage cards hi please attached picture related incident thank you regards analyst en sent tuesday re manage cards hello we would be assist with call please use for any enquiries ensure proper tracking list could you please raise ticket for request below kind regards analyst en sent tuesday manage cards hello have problem cannot log correctly last week because have proper fields displayed when want add card attached file thank you have software tester	HR Support
issue issue dear would like report issue when closing opportunity receive undefined error please below error failed load resource server responded with status found style line error refused set unsafe header content length execute execute save save save save save anonymous function script element error failed load resource request timed out opportunity opportunity line greetings	HR Support
oracle error status sent thursday re error status hi could you please reopen thank you manager sent wednesday error status hello after submitting cards for week have error status because retroactively submitting annual leave can you help resolve issue thanks	HR Support
new starter wednesday re wednesday hello please fill	HR Support
troubles with oracle timecards sent thursday re troubles with timecards hi please treat urgent otherwise delay his submission cause problems regards leader en sent thursday troubles with timecards hello could you please open ticket because having troubles with fulfillment timecards able enter or delete any card for last two weeks receiving two different types error attached best regards senior engineer managed	HR Support
oracle account setting for sent monday november good morning can you please have look she seems be unable submit her according her shifts she attached but please let know should you need additional details thanks sent november hey tot ii pot submit ca si print screen merci analyst ext	HR Support
annual leave request going on wrong approval flow sent thursday march annual leave request hello have question regarding annual leave request have made request february request was sent for approve but before requests were sent there issue or something was changed regards applications engineer	HR Support
access to hi locations libraries resources cab please give permissions resources thanks	HR Support
new starter checklist thursday february pm starter checklist importance high hello girls per regarding starter procedure please make removed starter checklist further details please let kind regards	HR Support
oracle time sheets question wednesday pm sheets question hi book annual leave schedule absence button code leave annual leave thanks kind regards infrastructure mob	HR Support
timecard completion thursday pm problem hello help please issue urgent working today close properly save attached also pretty urgent thanks testing engineer mobile blvd floor district	HR Support
access to space wednesday pm re swap card date wednesday pm hi please thanks head	HR Support
new starter re attached officer october hi please fill thank kind regards id image cd	HR Support
badge access needed th floor badge needed floor hi please floor thank	HR Support
missing time please action hello still getting telling submit have either already submitted or unable submit please advise thanks sent please action dear part established processes each required submit his weekly basis each friday for past week must be submitted for approval you receiving because you haven followed process please action possible below breakdown your please log accordingly training materials available here id if by each wednesday there still past period then your manager also be notified country manager for for date total days	HR Support
time sheets for upcoming annual leave sheets for upcoming annual leave hello please be kind help out unable create sheets for upcoming period includes already approved annual leave days when try save sheet for th th error receive one below most likely due fact daily entries populated follows please let know what can order resolve situation preferably without having resubmit absence request already approved thank you best regards	HR Support
report time issue oracle sent monday november problem with logging dear morning tried log but experiencing issue every try log receive following screen please below screen was usually getting when entering can you please review what causing issue assist with resolution problem preventing logging thanks best coordinator	HR Support
access to oracle and holiday data holiday hi guys please give updates quite old big help speak thanks thursday july holiday hi implementing tool gather add please right technical architect responsible help best regards phone	HR Support
write and read access friday pm re write approved head friday pm write dear perform better share invoice daily help thanks regards main main	HR Support
oracle pas access to tuesday pm hi write rights thank	HR Support
report for report for hi regarding attached report please inform allowed remove	HR Support
new starter florin hardware allocation friday pm school please find attached school friday pm school attached thanks discipline lead	HR Support
new starter hi please fill starting july further assistance needed side let thank	HR Support
the time card cannot be saved due to a system error your help desk was notified sent monday november issues card cannot be saved due error your help was notified importance high hello experiencing some odd behavior was trying log for week receiving error card cannot be saved due error your help was notified can any none them get error another problem can status approved any sent only shows submitted but approved manager approved every sent experiencing since last submit date shows approved status thank you web designer	HR Support
oracle timecard submission issues re timecard submission issues hi again spoke too getting different error message current week timecard below happened after deleted entry correct please help thanks	HR Support
new starter belgrade thursday pm st hello please find attached joiner thank regards administrator	HR Support
annual leave called asking works she wants submit leave sheet tomorrow	HR Support
to complete colombia ad re complete colombia hi please attached best wishes complete colombia importance high dear please help completed form automation tester technician joining well please complete going his thank compliance officer colombia	HR Support
timecard error hello can you please help with same request below but for current week if something can myself please let know how thanks senior analyst	HR Support
critical alerts notifications following alert occurred status active description tape failed failed perform operation since tape free tape available tape library based for more information open administrator console review alert details monitoring task area	HR Support
possible re possible hello unfortunately received same kind again yesterday afternoon find attached please take thank regards	HR Support
new starter access card enabling bucharest thursday october pm hello va ne date administration officer	HR Support
access to secure area december pm secure area hi please secure area please mentor move rd floor tower thanks officer	HR Support
oracle time sheet issues sent saturday november re update logging issue hello about query issue was resolved necessary fields code task details type location logging for days october but problem occurred logged for days october jumps another can remove any entry can remove manage cards issued card have already few notification log please find attached thank you for your best tester sent saturday november update logging issue dear further our recent communication we believe your below query resolved if you with resolution there need for response however please let know if we can be any further assistance matter please note interactions between clients regularly monitored order make high quality maintained reference number summary logging issue resolver resolution details sent wednesday november logging issue hello please be advised known issue currently investigated by third party permanent fix can be found meantime our senior engineers applying individual fixes experience issue please try again week log you for your let know you still encounter issue if there anything we can assist with please hesitate contact thanks kind regards analyst ext hub description sent wednesday november logging issue hello employee started october there problem with logging for for days october there fields like code task details type location please find attached with up window after selecting one days best tester kind regards ext hub ref msg	HR Support
on july pm hello receive purposes please activate thank	HR Support
plural sight account plural sight hello please let how plural sight courses order learn right way which thank engineer	HR Support
leaver interns hardware retrieval friday july pm re interns hi please find attached thank officer friday july re interns hello please fill attached bulk leaver form interns thanks kind regards analyst ext	HR Support
oracle fusion hi guys sorry holiday has transferred his sheet duties friday transfer included person since then received random transfer withdrawn apart transfer sheet appears times approve same information plus opening daily breakdown empty guidance appreciated thank leader registered under number whose registered old broad street kingdom provide clients each subsidiaries separate entity has liability	HR Support
new starter access card enabling tuesday pm re create update regards tuesday pm re create hi date leave date change agree grade sc location floor table seat contractor allocate fill find out please proceed without regarding thank updated also form attached tuesday pm re create hi date leave date name grade person exact location per maps starter form seat please provide details proceed log tickets analyst ext re create hi please complete starter form attached version friday add thank tuesday pm re create hi received completed starter form process thanks analyst ext re create importance high hello please treat urgent visit tomorrow has connect thanks head tuesday re create hi please help urging important user asap client visit wednesday until then thank friday pm re create hi attached fill please fill additional thank tuesday pm re create hello please fill return both thank administration officer tuesday pm create hello please provide starter form per thanks kind regards analyst ext tuesday create hi please create colleague join his name please note he contractor thank	HR Support
missing time sheet sheet hi left enter sheet him code bellow period person number country job discipline grade assignment person date developer senior technician senior technician active developer senior technician senior technician active developer senior technician senior technician active developer senior technician senior technician active developer senior technician senior technician active best planner	HR Support
new starter tower tuesday november pm assistants starter dear please informed candidate has accepted job offer testing discipline november tester please keep mind she ex she opened accounts please make her credentials reactivated thank br specialist	HR Support
new starter july pm re hello missed information regards july hello please fill date	HR Support
open access thursday july pm hi give please credentials please template best regards senior engineer	HR Support
leaver inventory update belgrade thursday leavers vs active ad accounts dear please find attached leaver form regards administrator tuesday pm re leavers vs active ad accounts hello again please provide leaver form kind regards analyst ext hub tuesday pm re leavers vs active ad accounts left couple weeks ago regards communication specialist date tuesday pm leavers vs active ad accounts hello please advise regards analyst ext hub thursday pm leavers vs active ad accounts hello please advise leaver please provide leaver form terminate her accounts please note disabled ad call hold until confirmation provided regards analyst ext hub thursday pm leavers vs active ad accounts hi according left st july cannot raised her please disable her she left thanks	HR Support
new starter bogota november re starter form complete hi please find attached form completed kind regards head thursday november starter form complete hi please help completed form joining thank administration officer image	HR Support
access to dear please provide regards analyst	HR Support
project board access friday july pm board dear board view planning thank	HR Support
new starter center july starter form hello please help by filling out starter form thank	HR Support
access tuesday july pm hi please provide thanks senior engineer	HR Support
accounts for interns december pm accounts interns dear please ensure accounts closed members internship name role date developer developer developer developer developer developer developer tester tester tester tester developer developer tester thanks lead	HR Support
pas holiday buffer holiday buffer hi have problem with holiday buffer reported for forecast for period value days but actual value introduced was best regards agile manager	HR Support
new starter bucharest friday february pm hello please fill return back date thank administration officer	HR Support
access request for a site tuesday pm site requesting links site manage setting site note site	HR Support
project manager update for to replace november update replace importance high dear please assign thank best regards agile next annual leave november december	HR Support
sent from snipping tool sent snipping tool hello sorry but impossible enter data could you please help case thank you very much fuse ctrl screen best regards	HR Support
oracle people managers correction thursday july pm correction hello please mismatch correctly configured his her his thank head	HR Support
new starter service now re hello please find attached ask further accesses required regards leader hello please find needs completed thank best regards analyst ext hub hello please help by filling out thank ext	HR Support
cant submit oracle it requires hours instead of the existing hours cant submit requires hours instead existing hours hello trying submit for previous week however unable submit asking enter hours per instead existing hours can you please help with please check bellow design lead en	HR Support
oracle environment project management access problem hi experience problems please help thanks	HR Support
oracle thursday july pm hell please assign code maternity leave picked since thanks senior	HR Support
can access domain pm hello floor connected slot	HR Support
there is error submission of time entries from to please contact your administrator there error submission entries please contact your administrator hi know if problem after fusion upgrade but received error after submitting for week can you please have look let know if you need additional info order fix error kind regards test lead ext sent friday there error submission entries please contact your administrator access task application	HR Support
cannot into oracle sent wednesday cannot into hi want make but receive following message what should thank you software tester en	HR Support
oracle entries sent entries dear ran into some trouble entering data into lieu leave for wednesday th kept save mode annual leave leaves data for hours instead thanks communication specialist	HR Support
new starter wednesday pm re ext mob wednesday hello please fill date thank administration officer	HR Support
browser bookmarks browser bookmarks hi guys please push default bookmarks users explorer regards folder called other supported browsers chrome also updated instance decommissioned help out thank	Hardware
edit rights issue on the new sent wednesday rights dear was granted rights following opportunities personal ribbon but unfortunately cannot even if select personalize menu could you please help thank you head analysis architecture	Hardware
snow not working snow working hello finds you well please be advised for couple minutes we have experienced total loss snow error message site can be reached up running however for you guys have record let know whether you require any additional questions best regards specialist	Hardware
desktop monitor issue thursday pm monitor issue hello dear issues monitor works fine notebook cannot say same notebook changed cable did configurations related colors problem persist excel word document text has shadows low difficult more than minutes developer good high monitor daily work design investigation approve create visual design tons which compare thank	Hardware
for not responding sent wednesday december for blocks non responding when initiating voice call with hi for laptop goes non responding every attempt voice call happened with software came pre installed when got laptop months ago tried re install application same error can you please provide some guidance how fix thanks manager	Hardware
staff utilization report please add project manager column pm re utilization report please add column hi please senior engineer wednesday pm utilization report please add column utilization report care submit la timecard care ca si pm care pm termini costs report information	Hardware
phone not working re phone working issue resolved by thank you senior developer sent friday december phone working hello fight room working regards senior developer	Hardware
and notifications re hi thanks dodo please include sn best regards re hi instruct sd include her sn afraid help please log kind regards dodo thursday pm hi dodo please included communications related she taking over same information	Hardware
need help with laptop keyboard sent friday february need help with laptop keyboard dear laptop keyboard working properly would you please check thanks	Hardware
being on the network from the project we are not able to access the and stable environment issue started with change coat proxy	Hardware
monitor raiser thursday march pm monitor port broken hi monitor port broken cannot connect also possible monitor leg adjust display eyes level help please thanks application engineer ext	Hardware
delete outlook bookings for leaver wednesday bookings hi please delete bookings calendar done by she left cancel meeting room bookings thanks senior	Hardware
new project created as duplicate of another oracle including actual forecast sent wednesday re created duplicate another including actual forecast sent wednesday re created duplicate another including actual forecast hi addition below seems code somewhat causing some other issues when try navigating view sent wednesday created duplicate another including actual forecast hi guys we have recently asked for be created there something fishy going with fact something fundamentally obviously wrong seems duplicate reluctant using for forecasts if reliable manager	Hardware
new request pm re hosting products hi misunderstood looking hosting solution whatsoever ideally virtual machine also physical machine somewhere premises employees please bring additional view needed thank pm re hosting products hello please attached response rd looking forward hearing kind regards analyst ext hub re hosting products hello guys topic pm hosting products hello name owner initiative called marketplace academy educational programme where anyone learn by experimenting own ideas areas interest after cycle two months idea gets front public host these ideas after come fruition participants other works showcased continue working host ideas themselves resources offer purpose discuss further details sizing etc after possible thank senior engineer	Hardware
access to scheduled process for new entities scheduled process entities hi please thank kind regards friday pm scheduled process entities hello please created entities scheduled processes example fixed assets report these books please attached accountant	Hardware
re access re hi please assist resolved asap thanks regards engineer friday november pm hello kindly ask help accessing next log active directory keep getting invalid please help thanks engineer	Hardware
monitor request monitor dear monitor currently working demo monitor help optimize thanks great kind regards intern	Hardware
new ticket for local support to check the room room dear please log assign name category other summary weekly visual inspection room description please perform weekly visual inspection room front back racks potential hazards problems name priority assigned thank kind regards reference reoccurring registered under number whose registered old broad street kingdom provide clients each subsidiaries separate entity	Hardware
old old hello two colleagues which old which makes lives great uses she android developer has hard times compiling building takes too much build run emulators debug etc uses android tester runs out memory emulators debug ongoing he opens idee working freezes both pretty old outdated exactly same ones which interns receive tried make compromise starting impossible great receive instead because care about want frustrated by because hardware low hear good best regards senior tester mobile	Hardware
headset issues headset issues hi starter package along with laptop received headset model headset detected automatically tried downloading latest driver official site latest driver there for tried several different ways installing driver noted here with success forum hardware matter what try always get situation device manager sound control panel please advise further actions or please provide with different model headset best regards	Hardware
laptop return return hello leaving holiday next couple weeks return december thank	Hardware
for add italy friday july pm add italy dear please let take also include italy phone number meeting invites please available countries actual meeting invite join by phone english kingdom colombia english kingdom denmark english states finland english kingdom germany english kingdom english kingdom macedonia english kingdom english states english kingdom norway english kingdom english kingdom english kingdom sweden english kingdom kingdom english kingdom states english kingdom test english kingdom kingdom test english kingdom find number id forgot dial pin help thanks	Hardware
two adapters required two adapters needed mini display port mini display port forward	Hardware
old wireless networks re wireless networks has assigned thanks report did perform also visual inspection equipment signs connected wireless devices during wireless networks found out old working please help question old wireless networks needed planned decommissioning regards	Hardware
the client managers inside the forms re requirements hi additional task also client inside forms operational plan area please help out thanks programme portfolio officer mobile phone	Hardware
time booking holiday thursday july pm booking holiday dear please advise how book public holiday options available task details allow save record without indicating thanks head testing colombia registered under number whose registered old broad street kingdom provide clients each subsidiaries separate entity has liability	Hardware
event notification original message sent monday february event notification data event et door vest remote alarm source et door vest details details details	Hardware
exchange issues on sent monday february re coverage for leave hello glad you with matter please let know when you available talk by sent you message but sew you conference call be attentive engineer ext sent saturday february coverage for leave importance high hi worked for while resolving issues with seems was able fix thursday afternoon but friday re appeared again critical issue for impacting productivity can you please assist absence can search re indexed data thursday but realized friday searches incomplete before returned results for example recent appearing search please contact your earliest convenience thank you best digital date friday february coverage for leave hi be leave february our colleague bogota be providing if needed our zone can be reached by or his contact information below also please use phone number or log tickets if needed number forward absence if your query urgent please contact following remote zone phone number address for issues for ticket esp portal thanks much senior engineer ext upcoming days off february february	Hardware
items needed july items needed dear colleagues please kindly ordering items mouse keyboard headphones keep provide these items great	Hardware
cc and expenditure types guide expenditure types guide hi please find attached latest expenditure types guide best regards	Hardware
after security updates is not working after updates working hi after updates needed for working thank you senior manager en	Hardware
adding laptop to tuesday pm hi addition please add thank pm hello please advised also configured please restart further details please let best regards senior engineer pm think permissions hi help matter please utilize her addition add her please thank has failed these groups because permissions ask owner permissions then again more information about issue code pm re hi hi help matter please utilize her addition add her please thank pm re hi far client supplied hardware possible infrastructure good wrong please log directly thanks device date re hi hi utilize her addition add her please thank thursday pm add hello which also received today want add well provide order working thing think adapter please let needed	Hardware
mail not working working hi have requested creation month ago technical when try use cannot expand or members if send get back notification address be found can you help with issue thanks	Hardware
people can hear me on the phone re can hear phone hi if issue phone must be warranty handles warranties contact person please raise ticket with allocate you contingency phone until solves issue kind regards administrator sent monday october re can hear phone hi cassia maybe can help with phone since have information what can here go store get looked thanks senior engineer upcoming days off date monday october can hear phone hi have galaxy every once while can hear phone but can hear them mute turned these situations happened again today have phone job call really need cell phone work there setting or something might have turned besides mute button would cause hear north	Hardware
access to front local from thursday re please provide front hi please cancel solution mobile id ongoing discussions made discussion think also plan extend location best regards thursday re please provide front hi please note order front remotely mobile id talk about via please cancel needed solution regards re please provide front hello please provide front location had received environment wired wired setup configuration activity must performed both best regards wednesday pm re please provide front va engineer wednesday pm please provide front dear please provide front listed employees best regards mob ext	Hardware
azure subscription azure subscription hi going provide trainings players virtual azure assign training subscription thanks	Hardware
hard disk failure wednesday pm hard disk failure hello please log replacement solved thank great kind regards engineer ext hard disk failure ca boot alb care ca hard tester	Hardware
oracle set conversion rate field order to be able to introduce the travel cost thursday tab expense item importance high hi please help teams expense item window conversion rate order introduce cost attached two print screens conversion rate without convention rate two teams members log done users conversion rate please help regards	Hardware
support for lifting the monitor friday march lifting monitor hi possible obtain lift monitor thank much	Hardware
communications pm re communications hello wants his please him he looking more complex please please keep thread thanks july communications hello please advise thanks kind regards analyst ext wednesday july pm communications hi challenge where allowed calls due takeover changes wanting possible somehow based number call building basically call number answered challenge dialing make easier call needed even ideal thanks	Hardware
stolen phone sent stolen phone hi please raise block card for romanian mobile phone number asap kind regards	Hardware
suspicious received add to blacklist suspicious received hello friday colleagues received suspicious events note misspelled attached regards confidentiality notice transmission files messages attached contain information confidential legally privileged intended recipient person responsible delivering intended recipient please disclose contents person store copy information medium information contained attached transmission purpose received transmission error please immediately notify by privacy destroy transmission attachments without reading manner further information about products brands please visit	Hardware
environment decommission wednesday fwd black duck prod galaxy date re black duck prod hi initiate confirmed expected representative initiate part matter dear please please please inform about let questions wrote thanks initiated shutdown deletion black duck test environment please ask thanks re black duck prod hi black fully operational released closed best regards thursday pm black duck prod hi kindly ask let fully operational hence closed kind regards	Hardware
wired connection issue on sent monday february cable connection issue dear have issue using wire connection when connected wired prompted enter credentials unable connect attached thank you test engineer	Hardware
oracle issues sent tuesday issues importance high dear cannot access could you reset for please thank you	Hardware
number for for is down sent wednesday number for for down importance high please investigate rectify	Hardware
devices not getting addresses devices getting addresses hello devices unable obtain address server could you please escalate appropriately thank you regards administrator	Hardware
deploy two servers on request friday november pm deploy two dear please install restore tests cd cpu os cd app cpu os thanks senior consultant	Hardware
unwanted calls friday march re unwanted calls hello ago male voice he looking person remember name person think he working thank engineer wednesday march pm unwanted calls hello did manage calls were calling asking thank kind regards analyst ext hub wednesday march pm unwanted calls hello received calls think these calls think caller looking please thank engineer	Hardware
provide replacement phone thursday march ca inca si ca application engineer	Hardware
issues with machine server room sent friday re problem hi everyone apologize for serbian thought went our anyway problem with machine our server room we started we could properly every virtual machine could be pinged thus we could use any connect environments machine kind regards	Hardware
com february pm call going hi starting about weeks ago receive getting arrive third party involved regards engineer	Hardware
subscription query creating main client side hello please consider creating main client side well communicate name role product owner expert stein application administrator expert pm expert pm same note teams available within subscription looks excellent substitution slack thank senior analyst ext	Hardware
display port problem sent thursday october display port problem la ca sa la tv adaptor laptop laptop tv tester	Hardware
wireless networks scan belgrade re wireless vulnerability hi noticed closed wireless despite specifically keep until receive report closed particular reason doing because report thoughts please re re assign regards friday pm re wireless vulnerability hi performing wireless please fill template report by actual usage mentioned tool documented file by isms detecting responding wireless networks detection over installed onto running detect presence wireless networks over physical environment spaces rooms centres information view tool generates text file file format report produce report document detected wireless networks table which forms inventory wireless networks present example please find attached latest report further please let best regards senior engineer thursday pm re wireless vulnerability hello please help induction session colleagues how manage kind requests thank lead thursday pm re wireless vulnerability hi please follow procedure ask help colleagues other questions keep until confirmation closed looking forward report regards information consultant thursday pm wireless vulnerability hello wireless requested kind regards engineer	Hardware
information security resources inaccessible sent monday information resources inaccessible hi was trying download information guidelines information classification appears unable offer files for download or web view can you please investigate fix view thanks notice holiday july th july th administrator	Hardware
had a then automatic repair loop after can get boot always enters automatic repair mode	Hardware
access problems problems hello experiencing problems several sites other tools part please two weeks ago thank	Hardware
search stopped working on laptop tuesday pm search stopped working hi search stopped working files etc tells index running went plug console tried restart error computer multiple times change appreciate help search essential daily thanks	Hardware
new path paths thursday pm requests hello dear has come make arrangements help setting couple things please help out creating assignment called contain please also create paths let call paths please path other clients paths add paths path also included path routed primary has included extensions details needed missed let thanks	Hardware
report for report hi guys please log forward usage report thank kind regards ext	Hardware
access to network sent thursday october access hi following our move th access working anymore for when using cable bounded use mobile id can you please help them solve problem thank you	Hardware
trying to issue trying issue hi currently trying log into excel complete client monthly reports for get following error can you assist please thanks client manager	Hardware
update for account update hi please pm maternity leave added about update receive feedback haven done thanks friday reminder please prepare survey quarter october survey status has completed export please ignore subsequent want scroll bottom link apologies hello preparing survey period october want make everything survey results date dashboard reviewed history recommend skip quarter please note needs surveyed least twice per checklist delegated confirms eligibility every quarter selects survey date nominates together updates gives client heads nominate together give clients heads accuracy needed spreadsheet upload spreadsheet care sends surveys reminders out integrated remember survey name segment type main offer filled accountable validity respondents exist accountable accuracy namely attributes correctly filled selected survey date visible after delegated responded survey download export refreshed daily help accounts survey scheduling reminders follow next two weeks survey calendar also available document further information about programme receiving because assigned please amend information inaccurate care update these please also note client surveys out questions please care eligibility copyright rights reserved please refer section entities by old broad street	Hardware
monitor keyboard charger december pm monitor keyboard charger hello writing replacement monitor replacement keyboard charger thanks	Hardware
bit locker recovery key sent monday december bit locker recovery key hi could you please assist with below sent by out for our thank you best regards analyst en ext original message sent monday december bit locker recovery key hello could you please look ad get send bit locker recovery key for en recovery key id ad ad can turn laptop without asking for key boot thanks	Hardware
issues accessing one com sent tuesday re wants access hey getting prompted for credentials awaiting approval screen still there thank you sent tuesday wants access hello please be advised employees should have by default access please use below credentials when prompted log password your domain password case you receive any error when trying access please hesitate contact please provide with error you receive thanks kind regards analyst ext hub sent tuesday wants access want information accept or decline request	Hardware
adaptor plug needed thursday adaptor plug needed hello appreciate lot please provide adaptor plug type plug thank best regards	Hardware
low network bandwidth problems floor sent friday re low bandwidth problems floor our meeting room hi want make small note here used cable audio was satisfactory but had video also morning screen sharing did work header common issue best regards sent friday low bandwidth problems floor our meeting room importance high dear we have low bandwidth problems floor when connecting cable tried our or meeting rooms problem because impacts our work our relationship with client please let know what root cause thank you best regards agile manager next annual leave	Hardware
can connect phone to account sent monday october can connect phone dear can connect phone phone works phone try create but after filling data shows we able apply policy required by when access go options phone can phone connected device but when enter details shows access access denied policy policy policy application status please help connect phone when you have best regards tester en	Hardware
revoke systems access friday pm revoke hello please also revoke mentioned newark regards leader friday hi couple more has thanks re also newark re hi also think plan switch off fairly nothing cheers hi other than accounts other thanks ad ad token inventory update infra head technical	Hardware
on working anymore probably credentials have expired need password generated can change myself need access log hours still used yet tracking	Hardware
configure server wednesday march pm hi reconfigure rules hosting client hosted somewhere assumption based public cannot find provided joined recently knowledge about location reach by public publicly accessible by port want change make accessible by specified ports source ports thank senior engineer	Hardware
conference phone sent monday re conference phone hello please raise ticket assign our queue there seems be issue with conference phone meeting room thank you engineer ext en sent conference phone hi please note phone conference room needs configuration regards head ext	Hardware
site decommission pm re migration thank pm migration hello please advise site decommissioned old kind regards analyst ext hub pm re migration hi migrate content thank migration hello move beyond beta phase excited site transition site which launched st old records show site owner receiving site transferred please close down otherwise please continue reading transfer old site think where files find description where files placed hub content employees locations content events reference links disciplines content links files profiles connected official disciplines practices content links files profiles connected official practices functions functions sectors content files profiles connected sectors links toward accounts hub content files profiles connected accounts links toward please note site bit slow working make better weeks drop let where site located under function site name site old let change after site owners location where want upload files site transfer relevant editing rights also guideline upload yourself recommend upload relevant files delete rest download create archive next two weeks files old afterwards old become two weeks means unable change upload files download moment finally after date proceed closing down kindly note deadline site file transfer october enjoy browsing looking forward thank kind regards	Hardware
team structure sent friday february structure hi manager since november right her part or can you please help with thank you senior developer	Hardware
leaver mobile phone march center march leaver mobile phone march center hi had mobile subscription plan available mobile number note mailbox receive messages	Hardware
urgent instance urgent instance hi agreed client instance technical difficulties cannot done next possible help by providing dedicated hosted instance exactly version number important critical import existing please let possible appreciate big ask solution developing asap much appreciated thank senior	Hardware
issue for add user to a role issue for add role hi there issue when try add role wallet please below logged out logged again issue persists cannot use functionality thanks senior analyst	Hardware
new access pm re migration how information hi thread she helping please her migrating thank thursday pm migration how information hello move beyond beta phase excited transition site which launched st moved site old order complete transition please upload files location within next couple days help prepared easy guides site scroll next two weeks files old after old become two weeks means unable change upload files download moment after date proceed closing down find guides community useful encounter issues let kindly note deadline site file transfer october enjoy browsing looking forward thank kind regards ext hub	Hardware
for dial dial hi work organizing call potential client he based french dial number offered meeting invite tried find own unsuccessful french dial number possible thanks	Hardware
management facility bun book la moment ate fie facility officer ii pot	Hardware
connection between and data center street via re center street via dear please assign queue best regards senior engineer please consider environment print friday pm center street via hi help make adjustments existing connect center located keep existing regards senior consultant friday pm center street via hello mr name work companies peer azure needs also connect other located own center located order appliances source port forward hearing kind regards networks se via italy logo twitter attached confidential intended solely addressee also privileged receive error please notify immediately destroy integrity cannot secured liability cannot triggered content although maintain computer virus free warrant transmission virus free liable damages resulting virus transmitted pi usage par secret si par merci grit ne la ne quant que efforts faits pour transmission tout virus ne donne ne pour tout virus	Hardware
elastic for instance thursday pm re elastic instance works thanks re elastic instance hi please log under name assign queue please assigned elastic instance details name tool please test let regards leader thursday pm re elastic instance hi please ahead once change made thanks elastic instance hi please let proceed assigning elastic instance mentioned elastic limit finally increased by name tool kind regards leader friday march pm instance hi instance please find details name tool please advised elastic currently reached maximum number allocated elastic raised order increase limit once approved by assign static machine please regards leader	Hardware
investigate current device performance thursday march pm action required approve requisition dear please log investigate device performance please return attach over possible kind regards administrator thursday march pm re action required approve requisition hello please kind help compile device name price cost centre supposed please investigate device attach conclusions investigation thank consultant march action required approve requisition amount requester replacement replacement specification storage least processor intel processor enough model justification suitable reasons old model more than years actual device perform enough environment enough computing memory storage approve reject lines replacement old older than years assets accessories task planning action history submitted future approvers view task details	Hardware
maps not available on the new please notes pm la maps old fie folder pm la el ca pun pm ca tot site cum si old pm hello mod gen tau maps ca fie inca date care si pm done pm pm view pm pot pot pm pm hello mod gen tau maps ca fie inca date care	Hardware
laptop needed wednesday pm needed dear part process opening candidates take excel test regards during next july please let help regard thank specialist	Hardware
urgent to be entered sent wednesday urgent be entered importance high good morning we cannot task we need asap we have enter task for july thank you manager	Hardware
undeliverable messages still arriving for as a recipient for alert notifications sent thursday july undeliverable critical alert failed these or groups address you entered be found please check recipient address try message if problem continues please contact your diagnostic information for administrators generating server remote server returned resolver found original message headers with server id with server id via transport message id critical alert mime version content type mixed boundary part return path date	Hardware
slow connection to client after security update slow connection client after update hi after last update besides problems presented another ticket connection client very slow used take few seconds connect currently behavior following starts run for few minutes screen became non responsive recently error appeared prevents complete even most basic tasks for current assignments thank you senior manager en	Hardware
provide for re cannot upload review attached contract hi thank detailed explanations helps lot link available error order link package connected going ask colleagues provide properly link hi please provide package assist him installing he link also please his share previously mentioned thank kind regards analyst re cannot upload review attached contract hi comments regards wednesday re cannot upload review attached contract hi please informed order document section respected explorer browser tried different browsers issue reproducible too via link much better both cases proxy keep mind suggest include possible share please explorer accessing link ask share hi please has share he needs order thank kind regards analyst cannot upload review attached contract dear kindly assist thank much regards analyst ext thursday pm task has assigned please advised record number has assigned please review details take appropriate action description cannot add view added contract seems location where stored inaccessible please review attached summary cannot upload review attached contract number priority low assignment location	Hardware
on azure machines azure machines hi please add disk size azure machines please assign task thanks design lead ext	Hardware
keyboard needed keyboard needed hello please kindly provide keyboard make much easier kind regards va analyst	Hardware
laptop powered off and then would not start please assign ticket since already brought laptop him started working details laptop would tried swapping ac adapter battery still work thanks	Hardware
pc monitor sent thursday october pc monitor hello dear ll appreciate very much if we can find solution for issue with pc monitor problem currently monitor strange colors very hard something after couple minutes eyes begin tear old monitor worked more properly than be good deal have good correct colors possible biggest resolution be more productive daily work thank you	Hardware
issue re access through for hello still work attached log error received during installation restarted machine disconnected tethered phone can connect thank you	Hardware
communication channel with client thursday pm communication channel client hello establish continuous communication channel client idea whenever needs talk gather around tv camera equipment required talk yabber considered related policies please suggest solution yabber please feel free come back further thanks lot	Hardware
missing the letter from laptop keyboard letter keyboard	Hardware
conversation with conversation with hi dear could you please raise incident assign thanks engineer en sent wednesday conversation with hi must work excel file our share point can open file but if want make some changes message appears have connection file should check connection but have connection can you help link hi take look should we have call by you need access laptop check if there something with document you trying could you please let know what browser you using browser could you please open explorer try document browser connected call with ended duration sorry but must come back you after lunchtime have longer call problem hi have you have for call hi let sorry your message you have or tomorrow think we can have call connected call with ended duration	Hardware
issues with issues with hi please request for your help with below issue cannot connect when try use laptop outside however can connect programs normal if can you please help fixing able connect next outside thanks administrator content uploads take step today think before you print	Hardware
problems sent wednesday july updated hello writing you have ongoing issued with addresses updated could you please look into have tried log with name password every but still work properly much appreciated accounts receivable accountant ext	Hardware
test machine credentials test machine credentials hello reopen problem solved machine azure additional information needed order find machine developer	Hardware
sonar issues sonar issues hi ago wrote about issue have with sonar looks like there another with same sonar we change name also but would like know if there another solution can change name each module when problems happens can you help delete have problems or could you please confirm solution you sent one possible have problems with fusion design lead	Hardware
monitor risers friday pm monitor risers fixe si pot la va	Hardware
cable replacement july re cable replacement hi please advised kindly replaced cable closed received excellent thanks july cable replacement hi please replacement cable folio serial number kind regards client	Hardware
active directory user and computers not visible on site desktop hi we would greatly appreciate your investigation upon matter reported check up files still action taken even after installing kb package several restarts does show ad listed installed programs list programs features would you please give your advice thank you	Hardware
meeting failure meeting failure hi log was having issues setting up meeting being signed normal but was then solved by kind regards counsel old broad street	Hardware
meeting rooms cables pm re meeting rooms cables hello please create separate manage separately thank fine engineer ext july meeting rooms cables hello please advised has added queue kind regards analyst ext wednesday july pm meeting rooms cables hello please tickets teams ti actions please inspect meeting rooms take actions replace cables devices short cables situations where roll cable installed impacting room seek replace cables devices self locking cables please number cables seek replace cables by connect ports table tops self locking cables side please number cables required microphone extensions meeting rooms less than seats microphones redundant redundant cables test restock adapters test restock cables ensure cables back threaded legs stands where possible minimal visual impact ensure remote controls working batteries low batteries caused issues past multiple complaints concerning voice upon further investigations found users were connecting wireless networks call please ensure each cable connected floor hand users seek cable less meeting rooms refurbish meeting rooms cables running walls under floor until date make meeting rooms stocked tidy consultant	Hardware
oracle slow performance slow performance hello could you please investigate why slow gives connections errors have trying delete invoice got about times connection server error hello could you please open ticket assign thank you tester	Hardware
room resolved room resolved hello writing inform room working issue resolved moment however still logging ticket for reference regards	Hardware
requisition processing issue requisition processing issue hi teams can you please kindly help with enabling access process requisitions currently trying convert into po per below able retrieve any results if you need any details let know please note urgent thanks administrator content uploads take step today think before you print	Hardware
install monitor stand on en wednesday pm re monitor lifter stand hi has loaded please submit find under requisitions area please log installation flex monitor stand installed onto thanks administrator phone wednesday pm monitor lifter stand hello create order obtain monitor lifter stand which needed improve posture please help thanks	Hardware
notification maintenance works on the infrastructure wednesday october pm hello please sometime today let order thanks october re hi discussed file offices thank october re hello please change number also fill form then provide out thank october hi move work saturday outage saturday which means work after talking he plan let out tomorrow friday offices together instructions thank great kind regards officer mob ext street center	Hardware
connection issues connection issues hello installed client but can connect log file could you please help thank you	Hardware
backpack request july pm backpack hi backpack thanks engineer	Hardware
issues sent thursday hi we have experiencing connection issues because our range getting full we have filter assigned based your address okay but does same when we connect with same machine but through get assigned address way flooding our range when simultaneously connected what if we gather addresses machines already added filter send you can you configure filter assign same for two different macs would expect last connection win assign for last or does work way can you configure use filter way machines would have same either or but have choose one use thanks design lead en	Hardware
monitor for re monitor hello dear colleagues please log allocating monitor thank kind regards administrator thursday october pm re monitor adjustment monitor needed let say cheers october monitor hello please help getting two monitors colleagues notify ready deploy thank	Hardware
one issues have you managed look through site one we saved conversation you ll conversations tab for conversation history folder hey good pot si si regarding issues call sa issue hey la si pot sa maine super si sa pot merge la maine la sent friday march one hello experiencing some issues with write them below re easier follow image location cannot be updated followed exact procedure but remains like you can we section details there updated leadership but some have former position there appears below should be point view one publish random different locations also some thumbnails appear could you help with or let know what next steps should be order have fixed thank you sorry for number requests have lovely communication specialist	Hardware
connect excels to location pm update la si sow po ti si tot pm wow merci pm old si pare good update si pm si hello arrange call questions regarding excel best regards engineer connect excels location hi please assist restoring excels location invoicing locations excel connected bellow location excel connected bellow location details thank best regards ext	Hardware
problem when uploading contract sent wednesday re problem when uploading contract hi there was problem related contract name have escalated issue confirmed everything fixed you should be able attach documents hi could you please log ticket for below assign queue thank you kind regards applications analyst en sent re problem when uploading contract hello ca document sent wednesday problem when uploading contract hi sa success sa sa sa sa print screen care sa kind regards applications analyst en sent problem when uploading contract hello la upload contract link contract id sa si acre sa merci upcoming holiday th th th floor blvd district	Hardware
net framework issue sent wednesday november framework hi could you please help solve problem with framework need order install for training purposes thank you tester	Hardware
pc screen with sad face sent friday november pc screen with sad face hi experienced strange behavior with pc when tried open got stuck with screen then had shut down by off button after had done pc started normally can you help troubleshooting problem kind regards tester information	Hardware
presentation tool friday presentation tool good morning please note advice regarding tool members order presentation clients tool available tester	Hardware
periodic network disconnect sent monday march periodic disconnect hello today have having periodic disconnects every minutes or shows unidentified only way reconnect disable adapter re enable have desktop connected by cable wireless please treat with priority impacting work thank you software developer en	Hardware
cable sent tuesday cable dear have issue with cable please help thanks	Hardware
leadership team updates pm re updates hi guys per thread discussions please discipline thanks friday updates hello provide update latest changes composition structure has accepted offer has joined please him role join thanking his important contribution growth structuring wish every success role decisions come effect architecture split separate discipline allow requires key elements strategy offering more added propositions take role interim take role interim both years beginning coming directly proven competence interim period both months until select definitive hods please give both challenge thank best regards	Hardware
portal com as accessible from outside thursday march re customers status report dear please help granting thank wednesday march pm re customers status report hi please regards march undeliverable re customers status report has failed these groups due permission issue rejected by moderator accept certain senders restriction preventing diagnostic information administrators	Hardware
have windows updates affected servers tuesday july pm updates affected dear please assigned provide updates installed reported issue reported issue reported issue reported issue these update which affected slave problem related issue thanks senior consultant	Hardware
galaxy note and data cable assignment wednesday february galaxy note hello please log assign queue thank engineer february pm galaxy note device la galaxy note si plus la date la ca best regards senior tester	Hardware
new migration integration hello want inform created functions which accessed link kindly advise migrate old attached guideline more assistance feel free kind regards engineer tuesday pm re migration hi transfer files manually due confidentiality also allows review transfer discussion area under called owner please also add myself member helping task thanks re migration hi please share content site moment process coordinating everything about transfer files old owner where thank best date tuesday re migration hi thanks issue more about creating also larger areas site moving out corporate weeks instead let discuss next steps re back head corporate wrote hi give four weeks deadline october because big number files deal layout other issues mind old mode transfer important files daily work best solution way continue transfer everything left form old please note deadline within thank best analyst ext hub re migration hi extend weeks instead weeks lot migrate over few design issues sort out directly which dependency moving items over doable thanks head corporate migration hello move beyond beta phase excited site transition site which launched st old records show site owner receiving site transferred please close down otherwise please continue reading transfer old site think where files find description where files placed hub content employees locations content events reference links disciplines content links files profiles connected official disciplines practices content links files profiles connected official practices functions functions sectors content files profiles connected sectors links toward accounts hub content files profiles connected accounts links toward please note site bit slow working make better weeks drop let where site located under function site name site old let change after site owners location where want upload files site transfer relevant editing rights also guideline upload yourself recommend upload relevant files delete rest download create archive next two weeks files old afterwards old become two weeks means unable change upload files download moment finally after date proceed closing down kindly note deadline site file transfer october enjoy browsing looking forward thank kind regards ext hub	Hardware
monitor riser request december re monitor hello light please log assign thanks engineer got feedback december re monitor hello please please also install monitor riser consultant december re monitor hello please let perform replacement requested attached same user which has fulfilled display disposal kind regards engineer got feedback december re monitor hello input assign war advise user otherwise kind regards analyst ext hub december monitor hello raised monitor rejected action receive disposal were available assets left had assigned dells please assign let thanks	Hardware
problem with problem with hello experienced some issues trying use error being displayed try access picture attached can you please help with thanks have great manager	Hardware
receives undelivered error sent wednesday december re meeting follow up hi have checked active directory your correct there why received failure can you have someone look because looks ad thanks much senior engineer ext date wednesday december meeting follow up good morning sent yesterday did receive however she received bounce back can you investigate further hate think supporting be receiving same headed class but be back around et thanks sent wednesday december meeting follow up requested please below sent december undeliverable meeting follow up failed these or groups address you entered be found please check recipient address try message if problem continues please contact your diagnostic information for administrators generating server remote server returned resolver found original message headers with server id dec with id dec content type application name content transfer encoding binary meeting follow up thread topic meeting follow up thread index importance high priority date dec message id be be accept language en en content language en attach yes be be mime version transport hosted originating return path	Hardware
contacts and missing contacts hi you know why we also why there contact know we have some checks place for quality data we have least one would look having data filed mandatory requirement please also add for could also we use term anymore should be asked for filed name be changed change was implemented but we have field name place again how come thanks customer care manager	Hardware
phone calls are disconnecting when using for sent friday phone calls disconnecting when using for hello since while ago audio connection was dropping for few seconds when conversation was held via for today got even worse dropped completely for seconds then back again for seconds dropping again back start we had please try find solution for issue we had cancel meeting thank you	Hardware
access to turners resources server re access resources server dear thanks for granting access server through remote desktop but still able access server machine trying connect using credentials but getting error message below please help best regards senior developer	Hardware
redirect calls redirect calls hello please help described frequently called by mobile asking about questions about related job think calls user which bit confused frustrating please example kind regards engineer	Hardware
new laptop backpack wednesday july pm backpack hi please assign went his took backpack thanks officer	Hardware
job title not appearing sent thursday march si sa sa si job firma fain	Hardware
add oracle july pm urgent code add old back president july re urgent hi wondering costs trips code because code available ask add thank saturday july re urgent ahead book wrote dear please find booking confirmation according booking reference tariff person taxes included without checked luggage airlines flight number class economy iowa leaving mon destination chicago terminal arriving mon aircraft type operated by envoy eagle flying stops airline reference status confirmed airlines flight number class economy chicago terminal leaving mon destination miami arriving mon aircraft type boeing operated by flying stops airline reference status confirmed airlines flight number class economy miami leaving wed destination chicago terminal arriving wed aircraft type boeing operated by flying stops airline reference status confirmed airlines flight number class economy chicago terminal leaving wed destination iowa arriving wed aircraft type operated by envoy eagle flying stops airline reference status confirmed date refundable airline fee upon ti next available fare booking confirmation miami approx total price looking forward receive decision best regards shared officer friday july pm urgent fly cedar rapids iowa miami afternoon returning tuesday evening miami please got execute thanks president friday july pm re urgent thank president july re urgent hi currently working come back shortly regards best regards shared officer fly cedar rapids iowa miami afternoon returning tuesday evening miami please got execute thanks president	Hardware
telephones to be returned to telephones returned hello please assets returned lead	Hardware
request friday pm va si si diverse etc	Hardware
laptop for screening call wednesday call dear please provide call via hangouts needed today thanks	Hardware
powwow project credentials powwow credentials dear polite please intern december powwow credentials hello currently working fix deleting recurrent meetings powwow mentioned help testing purposes virtual meeting room powwow delete rights meeting room thank regards intern	Hardware
to be deleted from re deleted assignment hi please log thank kind regards analyst deleted importance high la mobility officer ext	Hardware
mail exclusive empowering top hi reported these got confirmation fixed received please again make stops thank tuesday exclusive empowering top dear interested joining edition popular unleashing amsterdam two days engaging learning studies focusing key trends march discuss success stories areas strategy product expert led presentations speed sessions brainstorming useful networking opportunity join rated format unique exclusive structured maximize learning networking because about experience meet senior strategy leaders pinpoint where corporate belongs how excel cross sector learning find out how adopted by other sectors add learn other industries vertical sectors save money concentrated industry knowledge two intensive days studies listen studies outlining pros cons existing learn peers build relationships break out networking sessions discussion groups industry discussions key issues affect networking drinks reinvigorate fresh ideas meet industry pioneers discover how deliver breakthrough results interactive mobile event app take part event activities speaker include director platform ventures senior director den vertical front vice president content information european commission adviser director strategy regional digital innovations head front director product director venturing vice president excellence head commercial director chief officer save children head senior hague professor networks more information event increase visibility during event days best packages available discounted rates packages price speaking package chairing package exhibition package face face meetings face face meetings lunch vendor pass app sponsor cocktail dinner speaking exhibition speaking face face meetings chairing exhibition please let packages interested special discount code steps unleashing exclusive empowering effective event cross industry leading speakers senior level attendees corporate companies solution providers please let questions assistance registering by answering kind regards video image removed by want receive future events opt out image removed by based software	Hardware
time when laptop unusable when laptop unusable hello once administrator rules have laptop able anything cannot use chrome idea docker after period remains stuck requires restart need laptop replacement kind regards	Hardware
environments not accessible sent monday environments accessible hi we noticed morning we unable access our environments using their we aware least environments please let know when you manage identify potential issue also if you require additional details best regards senior tester master en	Hardware
broken cable sent thursday broken cable hello today did manage setup second monitor checked with another colleagues cable works fine believe cable received working th floor can get your help thank you	Hardware
cannot set meetings sent thursday february for working hi guys seems cannot set meeting anymore could you please look into thanks manager	Hardware
is down sent thursday down hi please restart machine we can regards design lead ext	Hardware
support sent tuesday december re swapping pc for we need log ticket for current pc swap out can you please help troubleshoot her issues our recruiter utilize daily thank you manager sent tuesday december re swapping pc for thanks have had difficulty using such using personal however requires send resumes myself order upload them thanks sent tuesday december re swapping pc for yes please log ticket for why we were copying everything goes through thanks senior engineer ext date tuesday december swapping pc for hi there any need for intervention matter you need log ticket for you kind regards analyst ext hub sent monday december re swapping pc for fine with but we need show justification get line manager approve thanks senior engineer ext date monday december swapping pc for good morning wrapped up call with during we had numerous technical issues we were only able spend about minutes going over suggested issue one his other colleagues also experienced same issue possible swap pc out for otherwise according going continue have these issues every use thanks officer	Hardware
option how to install on thursday pm option hi install virtual machine tried virtual crashes instruction referenced memory other options setting virtual machine kind regards	Hardware
remove from affected section re cannot assets affected section currently way removing affected section manually removed ones by addition advising colleagues create topic attachments added removed clicking manage attachments link top cr record dear please create topic assign implement feature after upgrade release keep touch best regards consultant pm re cannot assets affected section hello good raised also interested find out how removed cr because were added by mistake due cloning cr thanks	Hardware
issue old last month details hi works thanks hello be informed field role description takes data another list called rate card have granted permissions for lists because rate card list you had any permissions you should be able role description field could you check send updates best regards engineer en issue old last month details hi please note can role description when access following link even though colleagues can breakdown please fix issue asap because we have check send client thank you officer	Hardware
drive disappeared hi guys please can have path drive can map again seems have disappeared personal drive thanks	Hardware
th floor burglary alarm triggered today around sent thursday th floor burglary alarm triggered today around hi guys please action below thanks incident manager sent thursday re th floor burglary alarm triggered today around hi yes please raise get touch with quartz order understand what happened regards sent wednesday th floor burglary alarm triggered today around hello could you please advise how should we proceed with below should we contact quartz we need log for looking forward your kind regards incident manager	Hardware
career team career hi could have your with matter relating please career displays list below does match with actual best regards master	Hardware
critical alert original message sent monday critical alert following alert occurred status active data source type data source be be computer be description last recovery points created was unable communicate with protection agent for more information open administrator console review alert details monitoring task area	Hardware
advice needed on disk out of space wednesday pm disk run out hi disk run out free directory installer growing every never cleaned way old updates best senior consultant	Hardware
unable to install sent wednesday unable install hi could you please raise ticket for below can access resource because have permission install framework thanks kind regards engineer	Hardware
not functional functional hello need your help seems like laptop functional have tested with same monitor same cable compared colleague laptop same model mine fails display image while his working fine thank you regards tester	Hardware
working on laptop duplicate of hello duplicate original issue resolved failed get any response raising incident order draw attention problem original description connection periodically dropped switches happens every minutes look like cable issue tried connect multiple locations thanks	Hardware
for february pm va care care tester	Hardware
prod problem re prod problem dear please log incident assign thanks engineer en sent tuesday october prod problem hello there problem with prod receive any units could you please check thanks cr developer	Hardware
pm change july re incorrect flow care vin la si inca va heads discipline ca pm disciplines hods analysis architecture testing	Hardware
urgent new pas vs sent tuesday november re urgent vs importance high hi again please could you log resolve apologies for chasing but important officer sent november urgent vs importance high hi per snip attached days were imported for there one should be allocated our should have imported please could you help correct by cob today we could finish our month end reports thank you for your help officer	Hardware
external hello please assign hi please make needful connect these thanks friday burns re hi received details remote please update policy these build please let myself questions also arranging performance upgrades machines machine thanks burns re hi thank works seems expired please help please note thank regards tuesday burns re hello please informed implemented cr tunnel tunnel running session type index protocol hashing bytes tx bytes duration please ask everything let further assistance best regards senior engineer please consider environment print tuesday burns re hello thank updates thing morning keep posted regards pm burns re hi change has completed perspective mentioned remote machines whilst collate remote thanks burns re hello please emergency cr order tunnel please find attached diagram prepared form please feel free write additional question related best regards senior engineer please consider environment print pm burns re shared secret key burns re loop pm burns re hi configured push rules these evening ready configuration tomorrow please arrange destinations machine machines were floor made available whilst collate require liaise burns regarding thanks burns re update please sorted today please let thanks burns re hello working receive required information next hrs thank regards thursday burns re hi kindly arrange attached form completed please thanks burns re hi please let more information side thank again cheers wednesday pm burns re thank liaise thanks burns re hi infrastructure work resolve issue please ask members him thank again wednesday pm burns re hello please browse links required information personal layouts link expire days renewed process getting work keep posted thank regards wednesday pm burns re hi discussed along kindly provide name details colleague advise details please then arrange call include colleague assist configuring thank burns re please oblige thanks burns re hi thanks completed questionnaire process reviewing completed come back copy policies mentioned document information policy policy plus sub policies regards burns re hi please completed questionnaire attached please let questions next steps regards burns re hi thanks agreement active contract vendor has vendor reviewed commercials since site site requirement user related background questionnaire completed please let addresses regards burns re hi possible update require vendor questions please let least client running regards burns hi networks engaged vendor called providing augment teams increase namely burns concerns purpose operating model adopting consist resources site near shore fairly fluid rotating two locations therefore requirement site site developers testers connecting order repositories transition augmentation therefore required similar working capability located site hosts platforms require determined front provide definitely require source code working driver urgency these resources ii therefore important running quickly similar operating model whilst pose accept appreciate help also appreciate fast turnaround making please let paperwork required myself best regards head post level logo	Hardware
access to access hi since yesterday have problems get access please following message manager frankfurt main frankfurt main	Hardware
missing for people en re mom devices hi everyone thanks for your help for assets require site investigation recommend ticket be per keep track each one individually kind regards manager sent november re mom devices good morning thank you for your effort week site best locate those machines connect them wired case provide stand alone setup package regards engineer ext en sent november re mom devices hello please find attached final version report assets sorted by still exist	Hardware
work phone no longer charging sent thursday february work phone longer charging hello work mobile longer charging tried with several chargers work with other phones avail therefore could you please log ticket for can assist thanks kind regards manager en	Hardware
problems sent friday july problems hello face some problems regarding traffic laptop when try or receives request timeout but if try access them with browser works seems inbound outbound traffic works but assumption can you please help issue please thank you engineer en address blvd th floor district	Hardware
suspicious on work suspicious work hello received attached work legit best regards	Hardware
headset not working due to ss friday headset working due ss hello headset currently working due has ports ss headset needs order solve additional drivers help thank	Hardware
event notification ground floor front right door open original message sent thursday march event notification data event ground floor front right door open source main details details details	Hardware
possible infection on sent tuesday december re warning importance high we better infected his laptop though document might have had effect due macros being disabled by default apparently these things using word macros try deploy their initial payload story here please raise ticket for incident below assign if can laptop with additional scanner seems be preferred tool for if usually can someone try help remotely regards sent december warning importance high hi was blank did we clean attachments or infected his laptop regards sent december warning importance high hi again everyone some colleagues including members have received today seem have got through anti filters these appear come following australian taxation more here customs varieties include attachments open attachments or these you should know course but reminder our most important message always helpful always think least twice you click apparently story here attachments claim come australian taxation contain trojan type try steal money you when you next your web site if you use one customs probably contains similar however whilst cannot find any storying warning about one source address server sent also hosted by like servers sending pretending come australian taxation regards information	Hardware
door open floor tower sent monday door open floor tower dear could you please fix door floor tower because close properly we consider could lead thank you information confidential be legally privileged intended solely for addressee any opinions expressed mine necessarily represent opinions susceptible interference if you intended recipient any disclosure copying or any action taken or omitted be taken reliance strictly prohibited be unlawful if you have received message error open any attachments but please notify delete message your accepts responsibility for information errors or omissions or for use or misuse or for any act committed or omitted connection with communication if doubt please verify authenticity contents	Hardware
links capacity report cacti links issue sent friday links report cacti links issue dear apologies for disturbing but looks like again some bandwidth links show empty graphs links for en packet loss index graph host en en over packet loss index graph host en links en packet loss target public en with target public core with target public core en with target public en links for cacti en traffic ext transit cacti graph action view graph id id could be investigated please hesitate let know if additional information needed thanks for your help analyst	Hardware
new starter oracle sent wednesday november re starter hello could you please help enter for week because still work for second week there was problem thanks sent monday october starter hello please be advised mentioned below issue tracked by our rd party provider individual fixes by our senior colleagues for each employee please retry enter your week or if there anything we can assist with please hesitate contact thanks kind regards analyst ext hub sent monday october re starter hello could you please help colleague she tried log her today but her side show same options mine please find attached what does shows when she tries log thanks accounts receivables accountant ext sent wednesday october starter hello your created if you report message for your st days without possibility enter code please let know note issue tracked by our rd party provider you be able log your properly only for weeks following your start date thank you for your understanding analyst ext hub sent wednesday october access hello kindly be advised there another ticket raised for we provide resolution depending workload we sorry for any inconveniences might cause colleague get back you with updates when available thank you for your best regards analyst ext hub sent monday october access hello could you please replicate access if you need additional information please let know regards accounts receivables accountant ext	Hardware
scanning issue scanning issue hi encountered issue with being loop removing threads made pc run very slow thanks colleague managed get rid issue please create ticked close solved best regards senior developer	Hardware
connection issues connection issues hi we have issue with connection can you investigate best regards senior tester	Hardware
progress steps from technical implementation plan of thursday march pm re users migration hello order finalize stage migration assistance please help progress steps technical plan stack module stacking cables prerequisite please logging thank best regards senior engineer please consider environment print tuesday march pm re users migration change tip reconnect users reconnect users cod se reconfigure se conform tip best regards senior engineer please consider environment print tuesday march re users migration si ca fie change ulterior ca implicate process thank lead march pm users migration si la switch dedicate ii la ne si respective ca ca merge motive la moment la fie la si care la overhead tine ne cum task best regards senior engineer please consider environment print	Hardware
new tuesday pm re migration how information hi information hub level hub content files profiles connected accounts links toward thanks accounts receivable accountant ext pm migration how information hello move beyond beta phase excited site transition site which launched st old records show site owner receiving site transferred please close down otherwise please continue reading transfer old site think where files find description where files placed hub content employees locations content events reference links disciplines content links files profiles connected official disciplines practices content links files profiles connected official practices functions functions sectors content files profiles connected sectors links toward accounts hub content files profiles connected accounts links toward please note site bit slow working make better weeks drop let where site located under function site name site old let change after site owners location where want upload files site transfer relevant editing rights also guideline upload yourself recommend upload relevant files delete rest download create archive next two weeks files old afterwards old become two weeks means unable change upload files download moment finally after date proceed closing down kindly note deadline site file transfer october enjoy browsing looking forward thank kind regards ext hub	Hardware
switch printer connection from wired wireless wednesday pm re switch printer wired wireless hello please assist change type floor color printer pro wired wireless wireless authentication understanding categorized change copied hoping provide assistance changes required print please let require additional information thank engineer ext re switch printer wired wireless thank consultant re switch printer wired wireless hi think getting printer makes difference question even printer required assume connected member computer back real question allow printers connected wireless makes difference printer printer connected wired wireless both cases best bypass worse switch port printer connected both cases computer spoof printer connect instead inside separate physical wireless represent compromise vector over wired think course wireless stable reliable fast enough question kind regards re switch printer wired wireless hello please advise concerns view about connecting printers via wireless suggesting thank consultant	Hardware
special invitation to join the amsterdam special invitation join amsterdam dear keep getting please how got haven subscribed these updates anywhere thanks special invitation join amsterdam dear wondering had out event interested taking active role speaking chairing exhibiting etc more information please out event extended discount offer discount package come serve basis available upon please let which package interested discount code tailor package specifically requirements well forward hear regards friday pm special invitation join amsterdam dear events invite edition popular unleashing which take march rode hoed amsterdam goal two event bring together cross industry leaders share information latest trends strategies relating creating ecosystem within organization well key trends discuss success stories areas strategy product come practical ideas how excel engine within organization speaker include rebels lead director platform ventures senior director den vertical front vice president content information european commission adviser director strategy head front director product director venturing vice president excellence head commercial director chief officer save children head senior hague professor networks more information view event points discussion strategic disruptive how strategic partnerships building knowledgeable trustworthy personalized experience customers employees fostering communication incentives how more effectively better communication motivation innovative economies micro sharing economies booming providing openness flexibility humanized experience consumers ever evolving finding opportunities advancement augmented reality artificial autonomous vehicles challenges opportunities within organization corporate redefining values ethics characteristics goals competency models honored board available sponsorship packages vendor pass coffee breaks lunch networking drinks documentation package presentations which approved shared audience speaking package minute keynote presentation session attendee corporate logo event documentation social representatives speaker join event coffee breaks lunch networking drinks documentation package presentations which approved shared audience chairing package representative chair event days attendee corporate logo event documentation social representatives join event documentation package presentations which approved shared audience exhibition package dedicated exhibitor event attendee corporate logo event documentation social representatives join event coffee breaks lunch networking drinks documentation package presentations which approved shared audience face face meetings face face meetings pre selected key decision makers attendee corporate logo event documentation social representatives join event coffee breaks lunch networking drinks documentation package presentations which approved shared audience evening drinks sponsorship minute presentation drinks attendee corporate logo event documentation social representatives speaker join event coffee breaks lunch networking drinks documentation package presentations which approved shared audience dinner sponsorship minute presentation dinner pre selected key decision makers attendee corporate logo event documentation social representatives speaker join event sign enjoy discount valid until come serve basis available upon also suggestion introduced best combined packages discount which increase visibility speaking chairing price speaking exhibition price chairing exhibition price speaking face face price speaking face face exhibition price ensure slot please let package interested special discount code steps please let questions assistance forward hearing kind regards video description description description description description description description description description description description description description description description description description description description description description description description description description content uploads march sincere apologies found invitation disturbing thing want bother unduly valuable client therefore interested receiving more related unleashing please let by answering opt out	Hardware
it updates for not working as instructions say for a parrot re updates for working instructions say for parrot hi guys tried use trio conference device parrot but could never scheduled meeting calendar device calendar meetings have link for meeting expect be able use device yet able there anything doing wrong regards developer sent wednesday december updates for importance high hello everyone we would like present you with latest updates with regards transition into same level other offices what done last two weeks meeting rooms conference devices have installed remaining meeting rooms older computers have replaced with newer ones please find here guide how use conference phone here guide how use trio conference device instructions also be printed placed meeting rooms for easy access virtual infrastructures physical servers have moved rack telecommunications rack cleaned up main objectives remaining client finalize moving client into virtual infrastructure move test environments onto platform under groups update groups can more easily quickly access environments following high level summary key remaining actions achieve these objectives we keep you updated our progress with these month date tasks december th client have remaining client public moved under note could be pushed currently undergoing changes their infrastructure st groups have owners for remaining ad groups updated instructions how manage them sent out th have virtual environment commissioned under th have virtual machines migrated virtual environment february th have virtual machines updated have them moved under misc have ancillary tasks related telephony completed please also keep mind below contact details if you feel your ticket being or handled per agreed level agreement manager for legacy infrastructure migrations manager server room access contact facilities manager always should you have any questions or suggestions feel free reach out yours faithfully ext sent wednesday november updates for hello everyone we have working hard get into level but recognize level still requires improvement result we have initiated fortnightly meetings with representatives review any open issues review progress remaining actions complete transition into same level other offices what done november infrastructure brought into owners were added part projects ad groups conference devices were added part meeting rooms main objectives remaining client finalize moving client into virtual infrastructure move test environments onto platform under meeting rooms upgrade remaining meeting rooms groups update groups can more easily quickly access environments following high level summary key remaining actions achieve these objectives we keep you updated our progress with these month date tasks december rd meeting rooms have conference devices installed remaining meeting rooms th have physical servers moved rack th meeting rooms have old computers meeting rooms replaced with newer ones th have telecommunications rack cleaned up th client have remaining client public moved under st groups have owners for remaining ad groups updated instructions how manage them sent out th have virtual environment commissioned under th have virtual machines migrated virtual environment february th have virtual machines updated have them moved under misc have ancillary tasks related telephony completed please also keep mind below contact details if you feel your ticket being or handled per agreed level agreement manager for legacy infrastructure migrations manager server room access contact facilities manager always should you have any questions or suggestions feel free reach out yours faithfully ext	Hardware
temporary laptop needed needed hi today because client needs please provide kind regards	Hardware
bogota meeting rooms friday july pm meeting rooms dear colleagues please help creating meeting rooms meeting rooms la andes thank	Hardware
access request for a site for tuesday november pm site requesting links site manage setting site please help rights location note site site site provides central storage collaboration information ideas site tool collaboration tool communication meeting tool decision making site helps groups work teams social groups share information work together example site help coordinate calendars schedules discuss ideas review proposals share information keep touch other sites dynamic interactive members site contribute own ideas content well comment contribute other	Hardware
new recruitment platform bod and integration platform hi hiring recruiting platform call pluses integrate platform post times positions candidates enter directly thru how help make process thanks recruiter	Hardware
network goes down very often sent friday fwd goes down very often importance high hi can you check were these problems come original message date goes down very often hello guys available again including happened yesterday evening again same problem was last week too only server available we able validate test fixes we accessing can we get more stable connection best mobile information	Hardware
remove test com thursday july pm instance hi existing user user instance called logging same configuration same want decommission destroy instance test thanks	Hardware
address pm hello please order static currently configured has leased thanks technical consultant	Hardware
access request for a list or library wednesday library requesting library links library manage setting library write note site site site provides central storage collaboration information ideas site tool collaboration tool communication meeting tool decision making site helps groups work teams social groups share information work together example site help coordinate calendars schedules discuss ideas review proposals share information keep touch other sites dynamic interactive members site contribute own ideas content well comment contribute other registered under number whose registered old broad street kingdom provide clients each subsidiaries separate entity has liability entity	Hardware
oracle expenses details disappearing sent friday re disappearing act ah might explain put previous ones were actual costs where transferred money bills here what receipt expect be submitting for going forwards have etc can make one honest genuine bit feedback why why why insert various swearing would someone think check with other note attached thanks for such prompt response for quelling tears have great weekend sent re disappearing act hi seen communication today updated for you detail be any expense items you submit be reimbursed believe reason previous expense items disappeared although these still probably be could you please investigate best regards sp sent galaxy original message date disappearing act hi there have looked everything gone seems think have never looked before tries make tutorial there expense reports visible expense items visible same issue why checked have you someone reset or reset for some reason hopeful maybe database down or something reset would be disaster for only good can still items phone uploaded if same we might have some work we did enter saved any thoughts thanks director	Hardware
int commented scheduled connection test failure and user failures sent saturday october re commented scheduled connection test failure failures thanks please make logged for we need completed regards manager sent october re commented scheduled connection test failure failures hello indeed there were issues when trying into sn users were prompted with message saying their credentials were valid but seems be fixed we able into our accounts per change follow up with engineer check if related thanks kind regards analyst sent saturday october re commented scheduled connection test failure failures further last note there currently tickets open for appear be result cr being implemented case cr process was followed properly we have key being impacted was made aware please can you advise if related thanks manager sent october commented scheduled connection test failure failures importance high hello requires check for please can you advise how can be progressed regards manager sent october commented scheduled connection test failure failures short description scheduled connection test failure failures click here view comments additional comments hi left spoke issue able connect server started error server servers failed scheduled connection test connection timed out failed connect server select record for action preview error server servers failed scheduled connection test connection timed out failed connect server next steps check with get back thank you additional comments hi please call australia globally thank you additional comments hi monitoring tool detected instance able connect server users able errors error server servers failed scheduled connection test connection timed out failed connect server information run seconds information retest failed server servers error server servers failed scheduled connection test connection timed out failed connect server users able warning returned for warning information found for warning returned for select record for action preview warning information found for thank you additional comments hello name assigned engineer for your incident work during hours part troubleshooting process personnel need access your instance order review impact your instance determine root cause if you need speak someone please use one contact our contact you then be able enter your incident or change number over phone have your call routed engineer owns incident or change if you need assistance outside you can call contact number another engineer assist you best regards transform australia globally soap engineering monitoring additional comments our monitoring detected issue with your instance being investigated for more information please contact technical or update incident ref msg	Hardware
windows crash with sent wednesday november crash with hi laptop en crashed unexpectedly with displaying error about handled thread error related audio driver bring tomorrow thank you manager en	Hardware
please check licenses friday pm re hello problem sync users checked valid license please arrange assigned find users affected once assigned please let things working him best regards friday pm re hello related thanks friday hi assist understand implemented recently which had side effects thank kind regards analyst ext hub friday re hello again follow escalation path reassign thank senior engineer friday hello please find referenced assigned queue please assist thanks analyst ext hub thursday pm re dear feedback st screen fill redirect screen screen remain loop forever colombia thursday hi once cleared browser please ask instead link let how thank kind regards analyst ext hub wednesday pm re hi user provided working regards colombia wednesday hi please format logging user work please browser clearing history encounter issues kindly let thank kind regards analyst ext hub registered under number whose registered old broad street kingdom provide clients each subsidiaries separate entity	Hardware
issues reaching the service desk via phone hello one our customers reported following fault when trying ring number copying trail below also summarize findings tests done today customer reported fault december but rectified some variation sent little docs re problems trying get contact issue below still occurring albeit more frustratingly says putting you through operator before cutting you off believe you short staffed today resulting more within being disconnected can be reviewed please cheers december wrote hi what you mean looping there appears be disconnect somewhere hold option need test monday recorded voices we should be able work out if or appears options call passed back thanks for flagging dec wrote hi discussed earlier have problems getting through phone rings gets through usual recording announcement then rings out then asks you either press leave message or continue hold if you continue hold loops around asks if you want leave message again or hold if you hold again then goes automated voice message enter extension number or hold for operator point if you hold for operator loops then says operator number invalid could you please review thanks manager newspaper sales men telephony tests findings behaved follows welcome message hold music for few seconds when continuing hold press one record your message or keep music for few seconds when continuing hold press one record your message or keep music for few seconds when continuing hold begin speaking after tone up when finished or press for more options point you cannot continue hold but sort obliged either leave message or up have tried pressing options received were related pressed option said message would be sent would be put through operator however said operator extension valid was asked try again duration entire test call was seconds during call was cut off did receive message customer said was received yesterday putting you through operator only thing seems odd fact after twice person does have option keep but forced leave remember hold duration being previously please investigate if there any issues with our lines kindly advise if further info necessary kind regards	Hardware
connection issues ie cannot connect	Hardware
leader code for december leader code hi please leader code please thanks client	Internal Project
no task available oracle for project code sent monday re update setup hi still cannot enter into for code task details empty thanks	Internal Project
admin access tuesday july hi please setup app app app needed currently working setting version test migration please let details needed thank	Internal Project
pas access good afternoon currently cannot codes forecast against currently view please enable questions please drop cheers change control presence mob	Internal Project
new known pipeline known pipeline hi please create known pipeline high worth app phase corresponding opportunity found opportunity id pipeline needed cycle please treat high priority thanks	Internal Project
create new client pipelines tuesday pm create client pipelines hello please create client pipelines application product digital agile automation colleague application sunset order app phase app application creation thanks	Internal Project
create a new project code pas please help create code according file attached	Internal Project
and project codes tuesday july pm codes hi please please assist meanwhile thanks thank kind regards tuesday july pm codes hi please thanks accounts receivable lead	Internal Project
urgent project code to be set up spare urgent code spare hi please thank kind regards wednesday urgent code spare importance high hi please help urgent please code spare manage chart accounts manage values thanks accountant	Internal Project
account setup re setup hello please assist thank kind regards specialist ext tuesday pm setup hello please log allocate appropriate help setting he needs connect device order configuration cr currently he please let further information required matter thank kind regards infrastructure	Internal Project
could note enter leave code oracle sent july could note enter leave code hello tried enter code for leave but code found please cheers	Internal Project
changes tuesday december pm code importance high hi please best regards analyst tuesday december pm code importance high hello kindly asking help code demand organization commercial also existing code help change organization under commercial please find setup form also code change existing code thank officer information confidential legally privileged intended solely	Internal Project
project codes to be closed new pas thursday november pm codes closed dear please close codes both code description architecture compliance order handling platform manage thanks officer	Internal Project
oracle project setup setup has assigned hello please assign thank kind regards thursday october setup has assigned hello please advised record number has assigned please review details take appropriate action reference number details assign reference assignment summary null choose template applicable setup please provide short description setup details please attach completed setup form link forms policies forms policies procedures priority affected add requested location location attachments nationwide setup form please link kind regards ref msg	Internal Project
pre sales code european pas pre code european hi please help create code per attached form thank kind regards programme portfolio officer	Internal Project
import opportunity from pas sent access problem dear could you please create ticket for opportunity import for thank you kind regards sent re access problem thanks yes managed disentangle myself very unforgiving entered opp for link below could you import into opportunity id be ac thanks client engagement manager manager sent re access problem hello please be informed following up appears if your variables there set client known pipelines known pipelines imported automatically into only if provides link for opportunity needs be imported manually if you have any known pipelines you want imported into please let know therefore reason you were unable access form last client you tried access known pipelines attached you can find guide how change variables your being necessary select client known pipelines could you please let know if helped solve issue thank you kind regards sent access problem hi was updating pipeline accounts suddenly started being locked out with error message below tried restarting then tried with chrome get same error error persists only for link known pipeline need finish today travelling tomorrow can you advise or unlock please thanks client engagement manager manager	Internal Project
application management pas application hi please create attached code please create template thanks officer	Internal Project
project code moving thursday pm code moving hi code assigned assigned too please help moving code also let implications please attached previously regarding issue also report thanks officer floor blvd district	Internal Project
new project code for account pas pm code hi kindly ask create code per attached form thank	Internal Project
sub codes of sub codes hi could you please check sub codes code for allocated sub codes usually for for thank you kind regards programme portfolio officer	Internal Project
closure codes for tm neon wednesday pm re closure codes tm neon hello again spoken about application close codes copied tm neon circulation kind regards specialist wednesday closure codes tm neon hello please advised closure codes tm neon please add default application closure codes possible thanks kind regards specialist	Internal Project
please setup as manager for oracle please setup hi guys please part thanks	Internal Project
project setup setup form attached	Internal Project
missing pipelines pas sent friday pipelines hello pipelines for opportunities have created earlier week could you please investigate agile evolution opportunity id agile evolution opportunity id programme director opportunity id db thanks manager	Internal Project
new project code pas wednesday pm code greetings please find attached setup form code additional information required please inform thank collaboration kind regards officer	Internal Project
can create new opportunity on for existing but not active client sent monday march can create opportunity for existing but active client hi urgently need set up opportunity for existing client we last invoiced november exits you them if you search however if try set up opportunity find field can you please advise how activate client again really need sorted out asap thanks client engagement manager manager	Internal Project
new project code oracle wednesday pm code importance high hi kindly ask let soonest creating code according attached form code needed asap pending because code lacking please let needed thank next planned annual leave tuesday friday inclusive public holiday	Internal Project
new project code new pas friday november code hi please kind help create code purposes attached form code exactly correctly filled please kind form thanks	Internal Project
new project code oracle fusion friday march pm re code setup hi let update usually take couple days setup code thank tuesday march re code setup hi please updated form filled thank friday march pm re code setup hello please advised newer version form found please fill version alternatively purposes since difference brief description provide information order progress best regards analyst ext hub friday march pm code setup hi please setup code per form attached thank officer	Internal Project
project code creation for project wednesday pm code creation importance high hello per attached completed form please create code upcoming client earlier please expedite code creation today possible ensure available possible forecast upcoming work july please advise additional information forms required thanks nj	Internal Project
new project code oracle thursday december re awaiting response code hi please find attached also site created client thanks tuesday december awaiting response code dear reminder currently awaiting response reference number summary code hold note details details thursday december pm code site hello please advised requests logged separately per reference please provide unfortunately show considering existing starting next decommissioned please created also please provide existing client wish created within area name restricted users thank kind regards analyst initial dear please create attached code also please create under client thank please ask respond recent communication had regards query hear within days query resolved please note resolution target date extended query has placed hold kind regards ext ref msg	Internal Project
pas reports reports morning generated report profit chart screen attached there two charts instead thank you lead id image	Internal Project
extension projects pas extension hi please kind extend codes date until sea attached codes thank blvd please note holiday october tuesday october	Internal Project
duplicate task codes oracle duplicate task codes hi please duplicate task codes thanks	Internal Project
code for pas code hi please attached code thanks officer	Internal Project
new project code oracle fusion wednesday setup hello please create client per attached form best regards	Internal Project
request for project wednesday pm hello please help installation both tools required activities regards technical analyst	Internal Project
project dear colleagues please provide install thank	Internal Project
acquiring strategy site acquiring strategy site dear please create acquiring strategy part status closed type commercial commercial description acquiring strategy entity person please also provide control persons restricted other employees please let other details required thank officer	Internal Project
create project oracle fusion december pm please create client based attached form hello please create client based attached form let additional needed best regards	Internal Project
request oracle and pas project setup has been assigned to am oracle pas support setup has assigned hello please assign kind regards thursday pm setup has assigned hello please advised record number has assigned please review details take appropriate action reference number details assign reference assignment summary null choose template applicable setup please provide short description setup details completed setup form attached priority affected add requested location states location states attachments setup form please link kind regards ref msg	Internal Project
cannot find staff pas cannot find hi cannot find add her code please add advise how thank programme portfolio officer	Internal Project
project codes open wrong pas and oracle codes wrong hi codes opened possible codes ones opened romanian entity switch entity by avoid changing codes come back form requesting opening code appreciate response cannot thing codes move october thanks phone	Internal Project
project code name adjustment pas code name adjustment hi please help adjust name code both needs instead thank officer	Internal Project
tasks oracle time tracking pm tasks tracking hello help understand how tasks loaded under several codes example tasks therefore cannot log these codes please advise thanks	Internal Project
project code for oracle february code hi please create code under core think help other details needed head architecture	Internal Project
unknown pipeline pm unknown pipeline hi please create unknown pipeline codes additional information please let kind regards	Internal Project
project codes to be created against friday july pm codes created against hi please refer attached forms create two codes discovery phase proof concept thank	Internal Project
mountains user to be created tuesday december pm re setup has assigned hello please log create mountains thank kind regards friday december pm re setup has assigned hello please informed mountains created once created proceed further assistance please hesitate best regards application analyst thursday december pm setup has assigned hello please advised record number has assigned please review details take appropriate action summary reference number details null choose template applicable setup please provide short description setup details please attach completed setup form link forms sites procedures view note required add requested location location please link kind regards ref msg	Internal Project
pas new bus wednesday march pm entities hello plan import doing entities addresses codes added respective drop down selection please also these also mapped other please let entities integrated addresses square centre centre street st codes cl regards	Internal Project
new code to be created friday code created dear please also queue thank kind regards code created hello please advised has added queue kind regards analyst ext hub thursday pm re code created hi again guys please ignore filled out form please attached kindly let kind regards thursday pm re code created hi clarify additional code under existing client has other codes other fill out form want completely separate client reacted code kind regards thursday pm code created hello respect please fill out form found link thank analyst ext hub thursday pm code created hello code book against please create application approvals questions please let kind regards	Internal Project
new internal project code for new fit out oracle code fit out good morning order costs activities fit out opening please provide code pm thank regards	Internal Project
rainier communications project setup form pas rainier communications setup form hi please create code regards	Internal Project
project setup tuesday february pm re setup hello these items unknown haven proposal client yet these items please let further questions thank date tuesday february setup hello please fill attached setup form ones where written please select kind regards analyst ext hub tuesday february has assigned hello please advised record number has assigned please review details take appropriate action reference number details null choose template applicable setup please provide short description setup details setup add requested location location please link kind regards ref msg	Internal Project
request assignment project code and pm march pm assignment code pm dear kindly please assign listed code inform well recently left assignment terminated per dates name comments left left left left left thank regards officer	Internal Project
new project code oracle fusion pipeline codes setup hi please setup code clients per forms attached opportunity id opportunity id opportunity id please also setup pipeline codes opportunities thank	Internal Project
pipeline does not allow data entry pas sent friday input client unknown pipeline for draft budget hi trying enter unknown pipeline client level for press but does allow data entry doing something wrong below could you help please thanks director goods	Internal Project
oracle discovery good morning teams please help setting couple codes big thank programme officer november pm re discovery hi find attached never seen these forms updated margins types regarding incorrect date missed thanks november re discovery importance high hello gentlemen couple requests towards order find engineer opportunity had create cost attached margin please discovery phase even approved converting contract cost must exist table grades obtain also require type two attachments order help setup two engineer discovery phase regarding contract typo believe signing document please remember thank programme officer november re discovery hi well spotted typo november re discovery hi please name build cost believe code required help setting shall next ask help attached document also noticed document work package engineer states expiration date probably typo thank programme officer friday november pm re discovery hi same code different contract thoughts think issue separate prove difficult thanks november discovery hi which code accommodation allocated again did thanks	Internal Project
new project code for wednesday pm code hi guys please attached code thanks	Internal Project
access to pas projects friday pm re code importance high hi guys follow code has created asap too also copied kindly asking pm pm attached once more setup form reference thanks	Internal Project
pipeline friday pm pipeline importance high hi adjust pipeline please note alter values remaining cannot alter values part please help thank	Internal Project
known pipeline pas wednesday march known pipeline hello please assist create known pipeline called mobile platform client link main opportunity opportunity id treat urgent much appreciated thank officer	Internal Project
remove codes and service for claims project hello claims under hosting has client therefore please ask codes also please additional information please let kind regards	Internal Project
access to projects oracle friday december pm hi please give section please attachments thanks ext mob	Internal Project
update project fusion update dear please assigned please update thank best regards engineer	Internal Project
added people to pas codes for period please remove sent thursday added codes for period please remove dear please log ticket for below assignment tanks engineer sent thursday added codes for period please remove hi looks like somehow added bunch couple projects for period have able subsequently with assistance tried remove them got error message saying action invalid for period expected ll list below added codes please ask you remove them for thanks kind regards apologies for causing you trouble manager en	Internal Project
problems pas problems hello we making updates our we have problems when changes takes minute we need for codes for each please treat with high priority we need have data saved by today thanks programme portfolio officer	Internal Project
us wednesday july pm hi please setup staging available till next wednesday july client br design lead	Internal Project
new project code oracle fusion wednesday february pm code importance high dear ask create code per attached form code client cycle kindly asking treat higher priority please clarify initial code wrongly create even please form enclosed thank floor blvd district	Internal Project
project creation form wednesday november creation form hello please provide latest version code creation form thanks	Internal Project
new project code oracle fusion re code hello running under code created per closed off too needs closed off also please close let thank much kind regards	Internal Project
annual service recovery test service name restore location test expected outputs restore template restore tests work instruction restore template location report forms restore tests view bb documentation view effort book restore tests code	Internal Project
new code for to be set up oracle thursday pm code hi please kind code attached filled form please kind keep copied correspondence regarding vacation starting next thank next planned annual leave officer registered under number whose registered old broad street kingdom provide clients each subsidiaries separate entity has liability	Internal Project
authorization pas for authorization dear please assign thank kind regards november authorization importance high dear tried forecast unfortunately turns out authorized yet please authorized forecast thanks kind regards program id image	Internal Project
opportunity code into pas opportunity code hi please create code under forecast opportunity period vice president client transportation	Internal Project
new pas pipeline friday december pm pipeline hi please create pipeline opportunity which created opportunity id regards director	Internal Project
project code setup oracle code setup hi help by creating code file attached thank officer	Internal Project
please close down project code thursday february pm please close down code hi shut down code never needs closed thanks director	Internal Project
moving the opportunity from account to one pm moving opportunity hi please help importing opportunity opportunity id changed client thanks upcoming holiday october floor blvd district	Internal Project
new project code oracle and pas tuesday pm code hello please form attached thank	Internal Project
new project tuesday november pm hi please find setup form added reference sow campaign efficiencies thanks	Internal Project
project space access friday july pm hi please rights member default code thank lead	Internal Project
new project pas thursday march pm re codes hello please find updated forms attached thank once again march re codes hi thank feedback apologies thanks re doing forms based latest form absolutely which mapped programmes digital nap each different pm costs approver come back updated forms shortly please let required thank help officer march re codes hi two questions clarifications please latest form ones attached ones available users latest version template needs back advise where find latest version template has description which mandatory filled same way other form want these codes accounts client codes commercial codes itself has code commercial preferred additional tasks creation advised absolutely ones then follow same pattern commercial codes thank regards wednesday march pm codes hello please advise these require cost recovery looking forward hearing kindest regards analyst ext hub wednesday march pm codes hi please create based forms attached possible by tomorrow march cob disclaimer lot left unattended these codes which client events costs strictly commercial mandatory requirements issues please create absolutely filled suggestions considering none drop down values options fit purpose thank officer	Internal Project
new project code it pas tuesday pm code hi please attached code thank officer registered st floor registration vat social	Internal Project
known pipeline known pipeline hi known pipeline issue cannot update please important until review next thanks officer	Internal Project
pas access hi give code cant views forecast costs against thanks	Internal Project
annual service recovery test reverse proxy service name restore reverse proxy location confirmed test expected outputs template forms work instruction restore template documentation proxy view effort book restore tests code	Internal Project
project codes not working codes working hello can you please help with below does display anything when you try insert code specific bar order process have issue with with expenditure for tasks thanks manager	Internal Project
project staff forecast sent friday november forecast hi for architecture cannot forecast forecast please advise how overcome thanks senior analyst architecture	Internal Project
oracle pas service friday importance high hello please name created attached thank	Internal Project
set as pm new pas friday pm pm hi please kind pm codes thanks officer	Internal Project
codes oracle tuesday codes hi want submit holiday find code please out best regards	Internal Project
new code setup pas code setup hi please setup client working efforts driving towards please attached form which implemented vice president client transportation	Internal Project
leave project codes sent wednesday please action problem with hi even inserted leave received attached bellow also attached submission can you solve problem for or send explanation how should by myself regards	Internal Project
pas project creation wednesday re codes creation hi same templates regards wednesday codes creation hi generate two more codes urgent codes forecasting apologize short notice generate codes today much appreciated regards wednesday pm re codes creation hi attached regards tuesday pm codes creation hello respect please fill form found link afterwards proceed creation kind regards analyst ext tuesday pm codes creation hi please generate codes regards	Internal Project
approval for codes wednesday february pm codes hi guys please change codes starting myself thanks ext mob	Internal Project
import opportunity to pas pipeline import opportunity pipeline good morning please import opportunity known pipeline opportunity id baa thanks officer	Internal Project
project code assignment for thursday march re code assignment thanks thursday march code assignment hello please change path code please fill thanks head mob	Internal Project
urgent unknown pipeline sent wednesday urgent unknown pipeline dear unknown pipeline for for disappeared again entered different times over past few days yesterday issue was resolved where was calculating properly seemed be fine then morning level showing less than yesterday number unknown pipeline data cleared there seems be some overnight process deleting data needs be rectified urgently client level supposed close today correct need feed into level regards en	Internal Project
change pipe field settings change pipe dear please change pipe customized currently single option editable make similar components multiple possible editable please let additional details required thanks test lead	Internal Project
new clone for project billing clone billing dear kindly ask schedule clone billing prod february thanks officer	Internal Project
project management staff thursday july pm dear created members thanks kind regards unit	Internal Project
pas request for management project code friday code hi please find attached form code requested code please note required cannot update code values template cost recovery sub type please let questions reasons cannot created budgeting thanks director	Internal Project
tax manager role access re oracle wednesday february pm re tax role re approved wednesday february pm re tax role re approved tax february tax role re hi please provide tax role per kind regards re vat return hi approve senior engineer tuesday pm re vat return hi tried works make sense since usually downloads analyses reports these matched quarter let how she initial preparer kind regards tax re vat return hi transactions because tax role has report run report user transactions thanks senior engineer tuesday pm re vat return hi run report these transactions doubled checked parameters same issue attached version copy tax report ran tax same please issue has caused lot stress work over few days kind regards administrator re vat return hi did analysis file discrepancy find transactions report different find attached file bellow copy copy copy copy copy copy copy copy copy copy copy copy copy copy copy copy copy copy copy copy copy copy copy copy copy copy copy copy copy copy copy copy copy copy copy copy copy copy copy copy copy copy copy copy copy copy copy copy copy copy copy copy copy copy copy copy copy copy copy copy copy copy copy copy copy copy thank senior engineer pm re vat return hi please find file attached discrepancy where column shows lines found tax lines picked where column lines picked tax re vat return hi were changes figures logic report seeded report logic derive has changed changes made were show additional details report change logic sorry issue rather needs analysis show exactly where problem traced these discrepancies identified has seeded report run version these discrepancy also balances tie seeded custom report district transactions representative sample these transactions needs selected work establish problem thanks re vat return importance high hi please help looking good provide guidance given together submit return by even once reconciled going tax vat return importance high hi has compared tax difference arising arising tax return due submitted st tuesday please help match ensure report picking transaction urgently thanks tax re vat return hi big differences tax re run tax registers recheck run lunch tax cad purchases vat return hi discussed earlier attached also reports october entries same invoice order invoice cad vat export include vat return order invoice cad include vat return october purchases vat registered suppliers given wrong tax treatment invoice incorrect vat amount entered plan note vat vat tax rate code vat goods vat goods tax rate code vat goods vat goods tax rate code vat goods vat goods tax rate code vat goods vat goods tax rate code vat goods vat goods tax rate code vat goods vat goods tax rate code vat goods situ leaving vat goods tax rate code vat goods situ leaving vat goods tax rate code vat goods situ leaving vat goods tax rate code vat goods situ leaving vat tax rate code vat goods vat goods tax rate code vat goods vat row has added transaction goods vat row added vat tax rate code vat goods vat exempt looks note invoice shows vat vat goods november entries same invoice incorrect tax rate code order invoice order invoice vat export vat export tax rate code november purchases vat registered suppliers given wrong tax treatment communications vat tax rate code vat goods communications vat tax rate code vat goods communications vat tax rate code vat goods communications vat tax rate code vat goods vat tax rate code vat goods vat tax rate code vat goods vat tax rate code vat goods situ leaving vat goods tax rate code vat goods situ leaving vat goods tax rate code vat goods situ leaving vat goods tax rate code vat goods situ leaving vat tax rate code vat goods situ leaving vat goods tax rate code vat goods situ leaving vat goods tax rate code vat goods situ leaving vat goods tax rate code vat goods vat tax rate code vat goods vat tax rate code vat goods vat tax rate code vat goods vat tax rate code vat goods re vat goods tax rate code vat goods re vat goods tax rate code vat goods vat goods tax rate code vat goods mobile vat tax rate code vat goods mobile vat tax rate code vat goods december zoom incorrect tax rate code appears twice order invoice zoom vat czech amount vat overseas order invoice vat export vat order memo tax rate code also appears twice order memo vat export vat twice include vat return december purchases invoice incorrect tax rate code coopers vat exempt changed vat include vat zero peer hosting entries same invoice peer hosting cad twice include vat return peer hosting cad vat import twice include vat return peer hosting cad twice include vat return peer hosting cad vat import twice include vat return incorrect tax rate code right communications vat exempt impact vat paid overseas purchases communications vat exempt impact vat paid overseas purchases right communications vat exempt impact vat paid overseas purchases communications vat exempt impact vat paid overseas purchases apartments entries same invoice vat impacts vat return credited incorrectly vat amount wrong vat zero credited incorrectly vat amount wrong vat return vat out credited incorrectly vat amount wrong also include intercompany transactions currently kind regards administrator	Internal Project
code for pas july pm code dear kind create attached code since closing possible create asap thanks wrote hi please ask think via create tx	Internal Project
project thursday july hi guys please create site attached thanks	Internal Project
project codes oracle and pas technology test oracle codes importance high hello please proceed creating codes per attached forms please let additional required thanks best regards	Internal Project
pas new account codes required codes required hi codes client order thanks	Internal Project
new project code pas new project code oracle and tuesday december pm code importance high hi please best regards analyst tuesday december pm code importance high hello kindly asking help code demand organization commercial also existing code help change organization under commercial please find setup form also code change existing code thank officer	Internal Project
new project code pas pm setup hi please setup code attached regards	Internal Project
new project setup oracle july pm setup hi please per attached setup form please let questions thanks director	Internal Project
new pipeline for july pipeline hi please create pipeline door door opportunity tells code cannot find thanks	Internal Project
new project code setup hello please setup commercial per attached form thanks information confidential legally privileged	Internal Project
project code user help tuesday code hi created code additional tasks tasks sheets image details please advise regards pm re code hi allow disagree kindly asking search option log detailed tasks available established log task details location short relocated location details czech republic please cheers re code hello task details exists regards pm re code hello about issue related code submitted let problem solved regards re code hi unfortunate code exists regards wednesday pm code hi starting today log code regards	Internal Project
new pre sales code tuesday pm pre code hello pre created client break attached creation form regards lead	Internal Project
new project code thursday november codes hi please codes well per attached forms thank	Internal Project
set up project code pas wednesday february pm re changing client name hi please advised change also mg belong known pipeline also under code please separated code kind regards analyst wednesday february pm changing client name hi client name has changed please change client name too code belonging mg thanks officer floor blvd district	Internal Project
re open project code wednesday july code hi please thank kind regards wednesday july code hi colleagues by mistake closed while currently by colleagues please re thanks sorry inconvenience best	Internal Project
details for details hi please allocate codes colleague copied him once allocated thanks	Internal Project
no project codes sent wednesday march task assigned hi please re open ticket thank you kind regards sent friday october task assigned please be advised record number assigned please review details take appropriate action description sent friday october codes hi please raise ticket for below best regards applications analyst en sent friday october codes hi you happen know if there rule cannot have code trying create cannot enter code matter one selects please look into asap thanks kind regards accountant ext en sent october codes hello today tried raise but code can be used creation when code added bellow error shows up can you please check thank you administrator	Internal Project
servers hi guys these requested needed until were expected kept yet july since then incur costs tried track down while understand where costs eventually advised ask decommission please decommission linked code also clarify linked code were since july thank thursday november re cost hi test earlier instances running incurring costs against code pp test pp test pp test pp test pp test stop costs continuing each environment decommissioned moment instances helps thank	Internal Project
new project to be set up oracle fusion and new pas pas wednesday october pm re please update name thanks officer wednesday october pm hi please create code accordingly attached form please offer cost recovery sub type thanks officer registered under number whose registered old broad street kingdom provide clients each subsidiaries separate entity has liability	Internal Project
contractors list contractors hello please advise code offers cost recovery create please call assign thank kind regards thursday pm re contractors thanks please assist setting utilizing attached setup form let additional information best date thursday re contractors hello thanks confirming please find attached code form which pre filled please feel free alter information once complete please forward thanks kind regards thursday pm re contractors hi option thank help date thursday re contractors hello doing well picking separately quickly turn things around recall recent call contractors process mentioned raised directly by reach perhaps decided right approach raising two options table correctly flow offer proper visibility potential costs contractors raised by report based information furnished by contractors raised by resource code created pm based information furnished by once decision gears motion make thanks kind regards contractors hi per call today please find attached investigation performed contractors filled column po also funds left po note none these combinations except which pending yet po mentioned call work mechanism give authority over contractor costs raised form although raised flow	Internal Project
project to be set up oracle wednesday pm hi guys please attached codes create thanks officer	Internal Project
delete the project project com delete dear please delete finished closed thanks lot october pm delete software developer	Internal Project
project hello software installed computer please help thanks officer	Internal Project
internal project creation team thursday march pm setup form hi let number haven received number regards wednesday march setup form hi please attached setup form submitted created please let further details regards	Internal Project
sub code different name check notes hello sub where add tasks same thing sub tasks by employees filling timecards overall more process owners regarding child sub helps kind regards engineer friday july pm hi sub code create hopefully today please help thanks officer mob center zone	Internal Project
new project code new hello want inform created which accessed link best regards engineer thursday december re awaiting response code hi please find attached also site created client thanks	Internal Project
annual service recovery test backup service name restore backup location confirmed test expected outputs document template forms work instruction restore template documentation protection backup disaster recovery effort book restore tests code	Internal Project
unknown pipeline codes pm unknown pipeline codes hi please create unidentified codes under unidentified pipeline tech unidentified pipeline tech unidentified pipeline tech unidentified pipeline unidentified pipeline unidentified pipeline unidentified pipeline please create today these captured overnight refresh available let questions regards friday pm re unknown pot ne tech tech tech merci friday re unknown cum create unidentified pipelines split populate pipeline final adjusted si populate legacy si ca ca tot unidentified pipeline legacy cod ca initial pipeline care si care friday unknown unknown pipe merci best regards	Internal Project
known pipeline code for known pipeline code hi add opportunity known pipeline please help create pipeline code thank kind regards programme portfolio officer	Internal Project
new project code pas pm setup form hi please create code per attached template please consider create well thanks	Internal Project
new project codes spare urgent please codes spare urgent please hi please code spare manage chart accounts values manage values spare digital products thanks senior accountant ext	Internal Project
please action missing time tuesday december re please action hi resolve add per against applicable code believe code task appropriate arrange call show her how kind regards planning officer december please action hi please advise thank december pm please action hi supposed report sails way kindly information thanks december pm please action dear part established processes each required submit his weekly basis each friday past must submitted receiving because haven followed process please action possible breakdown please log accordingly training materials available id by each wednesday past period then also notified country date total days	Internal Project
pas project setup pm setup has assigned hi please assign kind regards pm setup has assigned hello please advised record number has assigned please review details take appropriate action reference number details assign reference assignment summary null choose template applicable setup please provide short description setup details added both mg thanks please attach completed setup form link forms policies forms policies procedures priority affected add requested location location please link kind regards ref msg	Internal Project
new commission scheme to be created commission scheme created hi please create commission scheme named commission scheme thank	Internal Project
oracle expense auditing query regarding default tax code expense auditing query regarding default tax code hi noticed auditing manage expense reports expense report default tax code has rec please print screen reference cases tax code zero tax considering change manually tax code each expense report also fast think possible tax code changed default zero tax thank accountant ext	Internal Project
project access request pop role her	Internal Project
new project code pas thursday pm code code client geographic kids hi opportunity client geographic kids which has moved fast possibility actuality opportunity id code useful please code possible also code actual work starting forms attached thanks client engagement	Internal Project
locate please close this project code tuesday october locate please close code hi please code closed please proceed closing code kind regards number name entity name entity code type unit unit code subtype locate locations indirect planning analyst	Internal Project
unidentified pipeline pas wednesday pm unidentified pipeline hi please based thanks wednesday pm re unidentified pipeline hi please codes highlighted thanks	Internal Project
pas access wednesday hi please application code thanks blvd	Internal Project
new board project thursday march pm board hi please provide third board platform governance board governance action items updated attached additionally please let thank	Internal Project
new client and project codes to be set up pas wednesday march pm client codes importance high hello please client reference id please also create attached codes enter forecast please by tomorrow afternoon thanks officer	Internal Project
known pipeline set up request wednesday pm known pipeline dear please assign queue thank kind regards known pipeline hi add known pipeline regards	Internal Project
new project code for pas friday pm code hi please help code per attached document thank best regards officer	Internal Project
new project code request oracle friday pm code hello kindly asking create code according information attached let needed regards officer ext blvd	Internal Project
codes update tuesday pm re please assist hi think expired please verify let expand calls working regards thursday pm please assist hello please advised anymore decommissioned july communication mediums issues setting meetings due gladly lend helping hand thank understanding kind regards analyst ext hub	Internal Project
re project set up pas re hi guys latest document take reference thanks thursday pm hello please setup attached code thank great officer ext blvd	Internal Project
allocate people to am code pm allocate code hi please kind allocate code please note currently also allocated remain additionally allocated thank	Internal Project
oracle expense item wrong code expense item wrong code hello trying add expense item link below although add proper code appropriate task client workshops etc expense item getting saved with code former everything have tried failed expense item with proper code please let know if you can help information window redirect true ctrl thank you head analysis	Internal Project
known pipeline forecast known pipeline forecast dear please log ticked based bellow thank engineer thursday november pm re known pipeline forecast hi discussed please create pipeline entries opportunity id ad opportunity id thanks client	Internal Project
project access hi please site site rights wired wireless code thank senior developer	Internal Project
project access november pm hi please site site rights member code thank senior developer	Internal Project
new pas travel forecast sent thursday october forecast hi could you check reason why after deleting value for october number still showing showing for forecast officer en	Internal Project
correcting pm appointed responsible opportunity dear recently entered contracts colleague head od has received please red contracts nothing him entering opportunities contracts properly assigned person responsible please screen please confusing forward thanks pm wrote thursday pm appointed responsible opportunity hello appointed responsible order view opportunity add forecast please link opportunity id wish view opportunities which responsible opportunity cd thank	Internal Project
setup am project wednesday november pm setup hello please create gave listed roe let questions issues best regards	Internal Project
new pas client monthly report template access wednesday october pm client report template hello client report template thank wednesday october pm client report template hi requested attached client report template please also location where upload reports reports community receive error view form hit refresh button please ignore normal behavior tab restricted thanks officer	Internal Project
oracle and pas project setup setup has assigned hello please assign kind regards thursday pm setup has assigned hello please advised record number has assigned please review details take appropriate action reference number details assign reference assignment summary null choose template applicable setup please provide short description setup details thank please attach completed setup form link forms policies forms policies procedures priority affected add requested undefined location location attachments setup form please link kind regards ref msg	Internal Project
new pas user variable cannot be changed sent thursday october variable cannot be changed importance high hi for architecture part projects default client reflect above moreover when go variable menu order change these upon defaults current incorrect values something pipeline apparently please help have due date finalize forecasts tomorrow thanks senior analyst architecture	Internal Project
new project code oracle fusion pre code deck hello please attached form setup pre usual pre tasks client deck thank	Internal Project
reactivate the pas thursday reactivating code hello kindly asking reactivate create well change needs done code please find details attached thank officer ext blvd	Internal Project
project codes oracle and pas technology pas codes hello please proceed creating codes per attached forms please let additional required thanks best regards	Internal Project
no access to find project code sent thursday october importance high hi can you please investigate why have access find code even if have role for thanks th floor blvd district	Internal Project
please change project codes number november pm please change codes number hi please kind help change newly created codes according scheme become become rest information captured form remain same thank	Internal Project
code to be moved oracle fusion code moved hello please move code alp committed committed thanks officer	Internal Project
new project sites tuesday pm sites dear please create sites please find attached linked parent site site persistence site gateway site refresh site site manage thanks officer registered under number whose registered old broad street kingdom provide clients each subsidiaries separate entity has liability	Internal Project
job code not set up correctly sent monday job code set up correctly dear for pre sales job code for appear code set up correctly there drop down menu options for task details screen shots attached urgent request cannot complete without code working please escalate address possible thank you	Internal Project
new projects to be created oracle and pas created hi kindly ask creation more details excel files attached assign considering several duplicate customers slightly different kindly ask exact name provided order avoid issues let additional information weekend planning analyst	Internal Project
project code transfer code transfer hi please make charge codes salad please let happened forecasting thank	Internal Project
new project code oracle fusion dear please create code work approved by about application questions details required please ask thank head	Internal Project
new known pipelines wednesday july pm known pipelines hi please let help creating known pipelines against follows digital app factory corresponding opp digital app factory opportunity id discovery phase proof concept corresponding opp discovery opportunity id thank	Internal Project
edit rights pas hello please thanks coordinator	Internal Project
create pipelines tuesday november pm create pipelines please create pipelines asap coming over setup discovery discovery digital traffic thanks	Internal Project
oracle projects project management project code no pm is currently set tuesday july pm dear please also please ensure module testing configuration thank test	Internal Project
oracle expense app setup friday july pm expense app setup hi tried setup expense app help knowledge base slightly out date entered host leaving empty then entered failed thanks july	Internal Project
project code owner to be changed thursday november pm code owner changed dear leaving please ensure owner role transferred him his replacement additional she help thank much code fit out relocation indirect country	Internal Project
create new field create hello please create assign pm la pm si merge care initial si ne va anterior se pipe pm call pm pm pm pipe drop down pm kind regards engineer	Internal Project
req did not close after being put on hold old code has assigned hello please advise went hold active although closed after two requester thank kind regards engineer friday pm old code has assigned hello please advised record number has assigned please review details take appropriate action reference number details requested facilities location kale building summary old code additional comments requirements friday pm old code hi please create assign thanks analyst friday old code hi ask possible add again old code due making taxi transportation which under code tried code exist anymore number code thanks regards assign reference assignment summary location kale building please link kind regards ref msg	Internal Project
known pipeline code for mercury known pipeline code mercury dear please known pipeline code mercury opp opportunity id thank	Internal Project
wrong data copied on personal indemnity new pas sent thursday november wrong data copied personal indemnity importance high hi data for code personal indemnity correct being copied there should be any values for please correct accordingly thank you officer en	Internal Project
pm for and july pm re spent hello please pm please also pm thank best regards client july re spent hi codes done by other tasks added please instructions available needed user guide tasks regards allow code subtask believe advise he prefers approach also pm pm please let assist thank	Internal Project
oracle new project setup pre sales setup pre hello please ask setup pre form attached link opportunity opportunity id	Internal Project
access to am bids pipeline wednesday pm bids pipeline hi please write location pipeline analysis thanks head mob	Internal Project
it hardware forecast hardware forecast hi please forecast name name perm grade job title date perm perm cl infrastructure architect perm sc counsel perm counsel perm head tax cd pipeline automation engineer perm senior lead architect kind regards	Internal Project
new client modifications urgent client modifications urgent hi please assignee based bellow thank engineer wednesday november pm re client modifications urgent thank discussed well believe fine side too kind regards tuesday november pm re client modifications urgent hi perspective please by well comes existing contracts moved onto client notified about cases thank tuesday november re client modifications urgent hello please bellow let ahead thank engineer tuesday november re client modifications urgent hi clarification client spa created both code moved under possible regards create client spa please opp contract moved under client opp opportunity id contract contract id thank tuesday november client modifications urgent dear please help client which assigned change spa created code move spa please find attached setup form updated regarding contract approved change contract please find link contract id appreciate give resolution today thanks lot officer	Internal Project
new project code pas wednesday pm re codes inquiries hi correction code since these clients under single code code invoice cheers wednesday pm codes inquiries hi again codes invoice both clients please setup excels cheers	Internal Project
pre sales code for oracle pre code importance high hi please code unable complete regards head testing mob	Internal Project
oracle fusion migrate project members from to pm dear assigned past currently pm please replace thank	Internal Project
for changing pm oracle for changing pm hello please help also approver code please help asap today thank much programme portfolio officer	Internal Project
new project code oracle fusion tuesday march pm codes hi please assign kind regards march pm codes hi please help by creating codes specified more details please let thanks officer	Internal Project
changes thursday pm changes hi please add vacation approvals code code code code code code please thanks	Internal Project
annual service recovery test service name restore location confirmed test expected outputs document template forms work instruction restore template documentation test application view ribbon effort book restore tests code	Internal Project
project friday october pm hi install pc please link where find thank	Internal Project
annual service recovery test service test name restore location test expected outputs document template forms work instruction restore template documentation layouts forms view effort book restore tests code	Internal Project
oracle new code setup code setup hi please find attached completed setup form please create code potential client working proposal let questions vice president	Internal Project
new project code pas code good morning please attached code billable code level attract cost recovery thanks officer	Internal Project
access to pas for bold hi please he complete forecast reports everything code code want complete activities well thanks	Internal Project
restore repository july pm re information hello please order restore repository thank engineer july re information dear colleagues thank much effort done restoring were find relevant documentation unfortunately were unable find code link after short consultation developers figured out locations where stored storage great restore version because version stored storage contained archive secured currently unknown kind regards wednesday july pm re information hello please informed requested has restored please download needed files let delete again regards engineer wednesday pm give information hello please advised has logged assigned queue site appears deleted archived due please give archived site possible kind regards analyst ext wednesday pm re hello sorry delay code android has mentioned kind regards wednesday pm hello please provide more details type required kind regards analyst ext wednesday hello everyone mobile requires code which understood given by urgent code possible kind regards engineer	Internal Project
project access request and november pm members hi please add details please update needed amend kind regards information confidential legally	Miscellaneous
name change for card friday re hello side name changed please let change thank administration officer pm hello please advise once provides log relevant tickets requested name change looking forward hearing thanks kind regards analyst ext hub thursday pm hello colleague few women named possible change order easier colleagues clients distinguish opened other suggestions thank senior tester	Miscellaneous
change admin on site march pm re content hi guys please help change per location thank march pm re content hi please give assign cannot catch he brilliant thank head thursday february pm content hi discussed call update information regarding locations updates task currently backlog aiming finalized during weeks identify owners each location update content better understanding regarding content uploaded please take example suggest volunteer owners persons myself po help more clarifications required forward feedback thank	Miscellaneous
owner rights to for agile champions com friday december re agile refresh hi please make owner agile agile active directory best head agile	Miscellaneous
approval of expense report december pm expense report hello please help expense report approver paternal leave unable approve he has confirmed by thank discipline lead	Miscellaneous
view persons issue view issue hello colleagues have issue with seeing currently line manager can him even doe cannot even doe his career should him can you please assist with let know if you require something end regards test consultant	Miscellaneous
tickets to be raised on behalf of pop please check the list with the sold assets tuesday pm tickets raised dear ask help raising tickets working properly please raised tickets today none registered has print screen weird appeared after submitted tickets please sold assets attached make were removed please investigate under name valid name code recharge cost due reason real code kind regards officer information confidential legally privileged intended solely addressee opinions expressed mine necessarily represent opinions susceptible interference intended recipient disclosure copying action taken omitted taken reliance strictly prohibited unlawful received error attachments please notify delete accepts responsibility information errors omissions misuse act committed omitted communication doubt please verify authenticity contents please rely own virus checkers responsibility taken by	Miscellaneous
run consolidation for period on thursday please rise tickets hello please rise tickets assign summary run consolidation period summary period levels kind regards engineer thursday re period close activities next thanks thru final adjustments forecast synchronized hence please owners well thank registered	Miscellaneous
device alert notification printer alert tray has a problem device printer tray has problem printer out details tray selected tray malfunction tray tray copier details panel off mode printing tray malfunction tray tray scanner ready details panel off mode printing model name device name comment host name printer name print name file name printer name zone name name computer name share name device printer printer notified	Miscellaneous
what rules need be updated for the security groups wednesday re rules updated groups hello please advise which port opened also public please log separate kind regards wednesday re rules updated groups hi also caps which blocks again please allow connect caps sh kind regards tuesday pm rules updated groups hi rules removed caps please rules related ports available infrastructure rules added caps port rule defined caps rules port available infrastructure caps docs exactly same caps which implies cleaning old rules kind regards	Miscellaneous
active users issue friday pm create restrict floor hi teams implemented via change next until then created groups themselves added members aside leavers which listed document mentioned find two active users please find out cards around friday create restrict floor hello please advised has logged assigned queue thank much kind regards analyst ext hub thursday pm re members hi by restrict floor dedicated teams please personnel attached spreadsheet both sheets create groups users physical control which then allocated permitted groups floor points main doors side doors near stairwell doors required control populated accurately particular reason restriction implemented possible personnel has changed since spreadsheet please notify going forward notify members needing floor leavers roles changes captured via processes kind regards	Miscellaneous
check why snow notification for ticket assigned to its has reached ms it instead of weekly tape change request assigned hello why but reached instead could you check regards owner operations manager en sent monday weekly tape change request assigned hello please be advised record number assigned reference number details description please contact for tape change details remember fill when done records activities location generic location access request please click following link kind regards ref msg	Miscellaneous
name change display name name change hi recently changed name keep want change display name possible thanks	Miscellaneous
en for agile board july agile board hi received agile board yet fully functional puma once more details how requests add let add thanks	Miscellaneous
add to add hi please add thank	Miscellaneous
add to am leadership com thursday pm added dear please kindly add thanks head	Miscellaneous
oracle missing time please action hi can you please help clarify action also please note line manager should be please below what have currently thanks manager en sent monday please action dear part established processes each required submit his weekly basis each friday for past week must be submitted for approval you receiving because you haven followed process please action possible below breakdown your please log accordingly training materials available here id if by each wednesday there still past period then your line manager also be notified country line manager for for date total days	Miscellaneous
clients to be closed thursday pm clients closed hi please close clients deactivated macedonia thank best regards programme portfolio officer	Miscellaneous
critical alert sent critical alert following alert occurred status active tape library based tape production protection weeks copy description detailed tape inventory failed operation failed since slot library based was empty tape currently present drive drive	Miscellaneous
changes ad to reflect job change wednesday november pm re changes thank about flow wednesday november pm re changes hi changes done by side job related updated about synchronization changes reflected other which usually takes hi please amendments done ad order mentioned changes reflected thank kind regards analyst wednesday november changes hi please changes job title screen appearance leader knowledge coordinator thanks	Miscellaneous
quarantine quarantine quarantine com dear kb kb ca kb deleted automatically after days change frequency these within log	Miscellaneous
please adjust commercial model please adjust commercial model hi please help change commercial model contracts materials sow sow sow sow sow sow sow thank officer	Miscellaneous
periodical tickets for wednesday december pm periodical tickets hello please tickets logged periodically by summary weekly cleanup generic every category sub cat pc sub cat profile assignment assignee owner microsecond specifics needs out by sn msec pl informing opened summary weekly cleanup every friday category sub cat pc sub cat profile assignment assignee owner microsecond specifics needs out by sn msec pl informing opened summary critical updates second tuesday every category infrastructure sub cat sub cat assignment assignee owner specifics informing opened summary weekly bishops gate every category sub cat pc sub cat assignment assignee owner specifics informing opened summary weekly every category sub cat pc sub cat assignment assignee owner specifics informing opened summary weekly belfast every category sub cat pc sub cat assignment belfast assignee owner specifics informing opened summary weekly every category sub cat pc sub cat assignment assignee owner microsecond specifics needs out by sn msec pl informing opened summary weekly every category sub cat pc sub cat assignment assignee owner microsecond specifics needs out by sn msec pl informing opened summary weekly manila every category sub cat pc sub cat assignment assignee owner specifics informing opened summary weekly every category sub cat pc sub cat assignment assignee owner specifics informing opened summary weekly every category sub cat pc sub cat assignment assignee owner specifics informing opened summary weekly singapore every category sub cat pc sub cat assignment assignee owner function specifics informing opened thanks kind regards	Miscellaneous
access needed needed hi please provide she backing pm add cr add add problem please also accesses mentioned thanks	Miscellaneous
check oracle account friday pm please action reports hi she contract per her update needful kind regards head wednesday pm please action reports dear part established processes each required submit his weekly basis each friday past must submitted receiving because reports haven followed process please help cascade accordingly gets possible breakdown reports please note refers has left maternity other absence leave please update person record otherwise please person directly submit country date total days	Miscellaneous
approval error sent tuesday hi can approve entries below please check thanks mal	Miscellaneous
changes check ad friday december changes hi please ad persons modify where additional information regarding subject please let name contractor contractor contractor he rehired has thanks regards	Miscellaneous
oracle task list malfunction task list malfunction hello task list does remove task when complete still appears have items review action upon same upper right hand corner thank you unit manager	Miscellaneous
access request for a list or library pm library hi guys please add ad he kb hub thanks leader library requesting library links library manage setting library please section thank	Miscellaneous
critical alert original message sent tuesday july critical alert following alert occurred status active data source type data source be be computer be description last recovery points created protection agent be was temporarily unable respond because was unexpected for more information open administrator console review alert details monitoring task area	Miscellaneous
adjust pm holiday requests approver for thursday february pm re hello please help thanks thursday february pm va care inca precedent alt	Miscellaneous
update en tuesday pm update hi guys please per assign order update client name entity status type location assigned assigned assigned assigned thank	Miscellaneous
issue sent tuesday december issue hi issues approving contract representative below link contract can you please advise issue contract id thanks officer	Miscellaneous
instance for friday july pm re instance thank design lead friday july pm re instance hi change has done please log call assign kind regards next friday july pm instance hi because client ask change stop plan instance period available running thank design lead	Miscellaneous
printing service not working wednesday re poll battery poll output status status down hello none printers working please specify exactly which ones properly update also resolved active how thank re poll battery poll output status status down importance high hi due mentioned issue because down printing available please best regards engineer wednesday poll battery poll output status status down hello table resolved yet active please take thanks	Miscellaneous
new recurrent task snow recurrent task snow hi please recurrent task snow operational summary restart description reboot task trigger every thank best regards monitoring engineer	Miscellaneous
support list july hello please myself owner thanks	Miscellaneous
please action direct reports missing time thursday november pm re please action reports hi getting notice which stipulates feel her maternity leave her individual work contract suspended during please find attached her please adjust setting take consideration lead thursday november please action reports dear part established processes each required submit his weekly basis each friday past must submitted receiving because reports haven followed process please help cascade accordingly gets possible breakdown reports country date total days	Miscellaneous
report draft request hr data report draft hi please kind draft report which enable grades employees certain moment user selected useful report contain columns person number name name display name id name effective date country expense segment grade code cost centre person type further information please drop note kind regards planning analyst	Miscellaneous
line manager career hello help setting both roles regards lead re done si update lead	Miscellaneous
db backups db backups hello for moment daily database backups generated environment could you please raise ticket for issue assign thanks engineer	Miscellaneous
add port to friday re name hi please add port tool mapped thanks friday re name hello please informed record tool has created best regards senior engineer thursday name hi name alias name tool thanks consultant	Miscellaneous
name change to oracle fusion tuesday pm re name change possible user name quite thanks tuesday pm name change hello please advised has changed her name please make changes thank administration officer	Miscellaneous
please change the pm pas for thursday pm please change pm hello please change pm best regards	Miscellaneous
make list available to receive from the outside as well friday pm re change ownership lists hi additionally ask make these groups visible outer thanks lot thursday pm change ownership lists hello please informed groups created according important note visible after creation order right choose lists book well since added owner add user please follow steps find lists right properties modify members add find user additionally owner groups further assistance please let thank analyst ext hub friday pm change ownership lists hi currently lists please replace lists also more lists please also lists she further manage participants thank	Miscellaneous
oracle time approval pm change thursday pm pm dear please amend assessment pm responsible thanks	Miscellaneous
project correction tuesday october pm re update hello thank logged please add queue kind regards engineer tuesday october pm update hi think please logged regards analyst ext hub october update hi maybe wrong let again please problem cost figures sort out today going disappear vacation rest thanks best regards main main re update hi having resolved problems accessing next problem number realistic levels far revenues figures essentially cost figures much too high both well level months affected july far forecast stage these cost figures roughly expect july days days days instead seeing july days days please help understand where these come thanks best regards main main update dear further recent communication believe query has resolved resolution response please let further assistance matter please note interactions clients regularly monitored order make high maintained reference number summary resolver resolution details resolved description tried far worked offered think require level kind regards ext hub ref msg	Miscellaneous
report for december report december hello please attached reports workstations december please log queue under thank best regards senior engineer	Miscellaneous
device alert notification toner bottle is almost empty device toner bottle almost empty printer toner almost empty details low toner copier toner almost empty details low toner scanner ready details model name device name comment floor host name name print name file name printer name zone name name computer name share name device good notified	Miscellaneous
line management change line change hi need change one person line somebody but receive below error can you please help thank you for your officer address th floor blvd district	Miscellaneous
career coaches coaches hi please change his thanks	Miscellaneous
new hi created called please help out creation please make owner add form thank	Miscellaneous
please include into the list of recipients of this notification december pm change hi colleagues please include change thanks head december change hello please advised change has approved effective date december approver approver change required comments initiator best regards note mailbox receive messages	Miscellaneous
access request for a site to requesting links site manage setting site section note site site site provides central storage collaboration information ideas site tool collaboration tool communication meeting tool decision making site helps groups work teams social groups share information work together example site help coordinate calendars schedules discuss ideas review proposals share information keep touch other	Miscellaneous
add users to tuesday pm cab application re app cab agenda hello thank please add thanks application senior engineer pm cab application re app cab agenda hello please cab application please add owner added thank pm app cab agenda hello please find agenda today cab application staging deploy patch update sp kb failed none thanks	Miscellaneous
timecards automatically approved july pm timecards automatically approved hi reasons timecards were automatically approved please help by resubmitting timecards thank test consultant mob	Miscellaneous
oracle fusion th july has not been approved yet thursday pm july has approved yet hi july has approved yet two weeks after has approved regards	Miscellaneous
modify modify hi modified made mistake filled cannot update sheet myself because approved st december type toil overtime instead extended overtime thank developer	Miscellaneous
reassign line manager thursday pm failed processes please assist hi please complete actions failed errors reassign reassign note separate error reports were errors itself thank	Miscellaneous
access to ops check if access to the ops is granted only based on authentication tuesday july pm hello please perform assets located groups locations unauthorized groups users assets formerly assigned spent improvement code also separate granted based authentication user authentication combination both thank ext	Miscellaneous
update all project management staff mail list friday july pm update dear please add thank head programme next planned vacation	Miscellaneous
configuration configuration hello developer working invoicing tool earlier requested tool registered understand name has registered require name host port please help configuration thank	Miscellaneous
line manager change hello change form won load within move him under help appreciated thank	Miscellaneous
enable access to the following reports role hello please specialist role named specialist salary entities assign also once done please enable his reports details report ex details report benefits report role has assigned hello please based call thank best regards engineer role has assigned hello please advised record number has assigned please review details take appropriate action reference number details requested location center summary role additional comments requirements role hello please specialist role named specialist salary entities assign also once done please enable his reports details report ex details report benefits report let thank assign reference assignment summary role location center attachments image please link kind regards please ref msg	Miscellaneous
please add new hire to please add hire please add hire	Miscellaneous
ref ref dear please informed overwrite record contractor herdman joining ref kind regards	Miscellaneous
add to thursday march pm hello hi received think received thank march hello entities	Miscellaneous
recurrent task snow saturday recurrent task snow hi please modify recurrent daily task ex task having summary please add description thank best regards monitoring engineer	Miscellaneous
rename friday pm groups hello please assist actions rename let questions concerns thanks kind regards infrastructure	Miscellaneous
managers mailing list mailing hi please create mailing thanks director central	Miscellaneous
obi access thursday pm obi hello please provide center currently receive needed weekly tickets report consolidate thank clearing analyst	Miscellaneous
updates march updates hi please update follows vulcan add thanks	Miscellaneous
re am service delivery managers list amendment re amendment hi please kindly add under control included give addition too apologies added arrived kind regards head hey please add member client thanks	Miscellaneous
new job title friday pm re head hello please advised has job title head starting st change updated please help changing thank administration officer	Miscellaneous
buyer rights for all entities friday pm buyer rights entities hi please best regards analyst friday pm re buyer rights entities approved kind regards friday pm buyer rights entities hello please ask buyer rights entities she joined regards officer	Miscellaneous
remove from owner com and add thursday pm re dear please noted work please her owner location thank	Miscellaneous
unable to approve sent monday action required approval entries for hello tried approve bellow but can when click approve link web browser but address filled when copy link approve option use browser get incoming subject approval entries for body add comments by editing text between brackets comments section your comments can also add attachments task by attaching them below line even if delete still anything please advise how can have approved thank you kind regards sent monday action required approval entries for access task application or take direct action using links actions approve reject approval entries for details assignee assigned date task number recommended actions entries for approval card details card period status submitted card comments reported type code location task details absences location details days comments entry totals mon wed sat start stop hours start stop hours start stop hours start stop hours start stop hours start stop hours start stop hours cost regular public holiday leave public holiday leave cost regular special leave daily totals calculated type code location task details absences location details days comments entry totals mon wed sat start stop hours start stop hours start stop hours start stop hours start stop hours start stop hours start stop hours cost regular public holiday leave public holiday leave cost regular special leave daily totals related links comments data display history updated by action performed assignee updated assigned assigned assigned assigned assigned assigned assigned assigned approved approved update	Miscellaneous
provide responsibilities to for all data sets re again fake hi granted requested further assistance please let please log thank best regards engineer	Miscellaneous
oracle details does not appear sent friday for dear please raise two tickets based below conversation create for assign details does appear assign thank you kind regards sent re for hello please be informed ticket was closed present can be added forecasts below apologies if misunderstood your initial message contact raise two additional tickets create for investigate issue with one be assigned our colleagues thank you sorry for mishap kind regards sent re for hi received attached updated regarding ticket please close yet consider request below once opens submit his fields with type code other relevant details appear also please let know if should open separate ticket for access thank you officer sent re for hi great managed log thank you for help but cannot seem find any codes book fields can you help manager sent wednesday re for hello please be informed present you can add him your forecasts took bit longer due transfer formalities should you need any further assistance please let know thank you kind regards applications analyst sent tuesday adding member hi please help include joining our records submit part his one projects codes currently cannot add him our forecast thank you officer	Miscellaneous
new request wednesday october hi please create leads include please thank	Miscellaneous
add to filter pm mouse trap please recently withdraw higher amount location best regards pm recently withdraw higher amount location even even costumer	Miscellaneous
error manager change for error manager change hi could you please help with below tried change line manager for having instead her thank you	Miscellaneous
tm voice contact centre replacement service desk support only required tm voice centre replacement required hi please log thanks re tm voice centre replacement required hello change itself has completed status going closed way make sitting change moved cheers change control presence mob re tm voice centre replacement required hi because logged against surprised shows view seems transition cr different apply regards tm voice centre replacement required hi change within lists wondered cheers change control presence mob	Miscellaneous
name change to for tuesday february pm re name change dear please make please let once changed name please let further assistance needed thank administration officer tuesday february pm name change hi change name documentation name identity card avoid confusions while travelling benefitting various while changing credentials too keep alias knowing reach name too thus kindly ask help name change please thanks analyst	Miscellaneous
notes not available after ticket being cancelled thursday pm cancelled marked closed complete hello please take mentioned way closed cancelled written down note after whole cancellation disappeared best regards analyst	Miscellaneous
full team name to be changed october pm name changed hello kindly ask change name thank	Miscellaneous
name change request ad to wednesday name change hi please kind change name further assistance needed let thanks	Miscellaneous
re incident oracle time approval option has been assigned to am oracle hr support re incident approval option assigned hi please rise another ticket for issue thank you best regards engineer en	Miscellaneous
check time rejected for sent friday february check rejected for hello could you please re open ticket still under investigation thank you regards analyst sent monday february re check rejected for please create defect report title be completed approval entries case cheers sent february re check rejected for hello thank you for your request you can below card for period was rejected please let know if can be any further you regards request regards analyst sent monday february completed approval entries for hi there query why does say completed approval when have rejected for report approved or rejected sent february completed approval entries for access task application approval entries for details assignee assigned date task number recommended actions entries for approval card details card period status rejected card comments reported type code location task details location details days comments entry totals mon wed sat hours hours hours hours hours hours hours cost regular code planning cost regular proposal prep documentation cost regular daily totals calculated type code location task details location details days entry totals mon wed sat hours hours hours hours hours hours hours cost regular code planning cost regular proposal prep documentation cost regular daily totals related links comments data display history updated by action performed assignee updated assigned approved approved assigned approved assigned withdrawn withdrawn assigned withdrawn withdrawn assigned rejected rejected assigned approved approved assigned approved assigned approved approved assigned approved update	Miscellaneous
assignment to thursday february assignment hi please help assigning her absence schedule calendar vacations flow she allocated thanks	Miscellaneous
change career oracle sent july change career hi please change career for her career check listed thank you	Miscellaneous
approvals tuesday pm approvals importance high hello please help delete proposals submitted next approver holiday until cannot proceed further process approvals regards senior test consultant	Miscellaneous
oracle line management change change hi please change myself thank senior	Miscellaneous
update ad for our colleagues from location optional notes from pm update ad colleagues hi please update ad location colleagues example colleague thank	Miscellaneous
add as owner for thursday february pm please add owner hi please add owner same rights myself thank officer	Miscellaneous
rename friday pm confluence rename adopted by become please change key thanks	Miscellaneous
device recovery report paper at internal path device recovery report path printer details tray output input tray copier details tray input tray output scanner ready details model name device name comment floor host name name print name file name printer name zone name name computer name share name device notified	Miscellaneous
oracle sent friday march dear writing you because submitted every week however since weeks ago manager able approved because she receive can you help with thank you compliance officer	Miscellaneous
addition to all managers addition dear since please add notified updates since she moved other discipline thanks regards	Miscellaneous
approval delegation holiday hi holiday starting friday he needs delegate his rights looked find how delegate his rights please help procedure he delegate also approvals thank officer wednesday november pm re holiday hi both course expect pain thanks november re holiday hi please let delegate roles how delegate approvals found how delegate holidays keep investigating back thank officer wednesday november holiday hey after off until december how delegate approvals these guess cheers	Miscellaneous
line management approvals sent friday line approvals hi there could you please advise how fix approval hierarchy example line manager for approving her good here line manager for but coming true for hierarchically under example attached image manager	Miscellaneous
service line hi please once done thanks kind regards ext october hi agreed move ownership him please make changes approvals booking thanks october re hi objection agree make sense continue regards october hi comes under historical reasons believe originally created capture since left books his result ownership approve card each which make much sense he come under structure he booking he booked booked granted total appropriate equally forecast gauge how spent these reasons propose transfer ownership re agreement make changes please let thanks head	Miscellaneous
new list work for friday july work hi please create work also please add thank officer floor blvd district	Miscellaneous
projects to be closed oracle and thursday march pm closed hello please help close which starting registered client thank officer	Miscellaneous
wrong is assigned create wrong assigned hi ask add way range xxx thank tester id image	Miscellaneous
list to receive outside receive hi please receive nap nap nap testing example tried morning nap nap got error thanks regards	Miscellaneous
bod list hi please add thanks december pm re objectives workshop part ii hi please add session also please thank appointment december pm objectives workshop part ii wednesday december pm pm lima quito where andes tower objectives objectives template follow thanks	Miscellaneous
name change oracle friday pm re name change relevant great thanks friday name change hello please advise wish want name change performed relevant looking forward hearing best regards analyst ext hub thursday pm re name change adjust ad want take both primary his thanks engineer ext date wednesday pm name change hello wondering possible change gone by whole prefer continue possible thanks please let order push registered under number whose registered old broad street kingdom provide clients each subsidiaries separate entity has liability	Miscellaneous
testing project resolution and status of a bug wednesday july pm testing resolution status dear please mentioned allow selection resolution won fix fixed duplicate etc update status resolved closed etc currently done resolution automatically updated done best regards test consultant ext	Miscellaneous
people manager change for march pm change dear please consider updating relevant going further these illustrate consider complete please update relevant appears by thank head wednesday march change hello please advised change has approved effective date february approver comments initiator agreed head discipline best regards note mailbox receive messages	Miscellaneous
service now account issue sent tuesday issue hi can you please log ticket with for investigating reason why able assign tickets himself even though added appropriate thanks best regards analyst	Miscellaneous
add members to com mailing list sent thursday november add members mailing list importance high hello have there recently removed members mailing list please add following colleagues mailing list please investigate what happened have previously list thank you head applications	Miscellaneous
tech flow small edit tech flow hi please registration add sentence thank interest sorry inform registration close reached keep eye future tech events by official forward meet next events placed letters thank best	Miscellaneous
add to testing strategic leadership team com add as owner wednesday march pm add testing strategic hi please add testing strategic tried her myself without luck seems appropriate rights although owner along please error bellow changes public membership cannot saved sufficient permission perform operation object other best testing discipline lead	Miscellaneous
to be assigned as line manager assigned hello please assign ago initiated process move due errors process never completed thank	Miscellaneous
remove pre approved friday pm change empty hi please regards re change empty hi please change pre approved planned within type change work hi pre approved options under type change required cheers presence change control change empty hi doing well want ask maybe wrong sn completed everything advise best regards technical leader	Miscellaneous
fin fin hi please create named fin comprising persons please make owner regards floor blvd district	Miscellaneous
remove people from list thursday october hi please kind solstice also occasion please rename solstice panthers thank much kind regards	Miscellaneous
new member on tuesday october pm member hi please help write member best regards	Miscellaneous
undetermined en tuesday december pm re assets undetermined hi disposal built computer name misspelled please make computer name matches label assigned built computer name misspelled please make computer name matches label assigned built computer name misspelled please make computer name matches label please log each bullet please hold until notified taken corrective actions assets after misspelled assets removed best regards engineer tuesday december pm assets undetermined hi seems assets regards engineer date tuesday december assets undetermined hello please find referenced assigned queue please assist thanks analyst ext hub december pm assets undetermined hello review assets update probably were disposal undetermined senior consultant	Miscellaneous
update the minimum margin update minimum margin dear ask please margin minimum margin variation contract id thank officer wednesday march pm re status quo hi both reason contract has his because null margin which believe incorrect extension margin shall same thanks february re status quo hi several rules which requires variation probably because minimum margin added thinking variation which include amounts then margin which probably wrong advice remind approve variation signed approve his convenience contract id thank officer tuesday february pm status quo hi must approve contract nee fast possible signed version problems main main	Miscellaneous
name change to october pm name change dear changed her name she wants reflected please action let other updates made by except changing her name also please make too thank administration officer	Miscellaneous
access oracle hi please assign roles prod too please thank kind regards december pm re hello checked production environment items provide costs contract contracts contract contract revenues thank help best regards thursday december pm re hi granted same kind regards thursday december pm hi kindly ask give same thanks officer	Miscellaneous
report polls suspended but up warning cpu virtual	Miscellaneous
work location change thursday october pm work location hello please change work location centre because profile looks work never worked best tester	Miscellaneous
project class category added twice class category added twice hi please thank kind regards wednesday october pm class category added twice hi please take screen seems add same class category twice rule which restricts same attribute twice far thanks	Miscellaneous
for new members tuesday july pm members dear ask please provide persons joining thank officer	Miscellaneous
rejected expense report approval for sent friday rejected expense report approval for hello dears please help with below raised expense report attached files submitted receipts but other end cannot attachments can you please investigate thanks sent rejected expense report approval for access task application expense report approval for details assignee assigned date outcome reject task number report period report total approximately submission date purpose expense items miscellaneous dishes for site task cost center itemized comments data display data display report history person date status notes task assigned expense report rejected by your manager	Miscellaneous
line manager change change hello please help change tried work thank engineer	Miscellaneous
approval issues sent monday approval issues hi please be informed able approve due number errors ranging password errors exceptions few these was able capture included below also able submit timecard for period due following error please advise unit manager	Miscellaneous
to ad import dear please log person logs take ownership progress due name category application client summary weekly review ad import completed by tomorrow	Miscellaneous
schedule task different triggering time tuesday march pm schedule task different triggering hi daily recurring scheduled task summary disk failures task task change task triggers instead also please modify summary accordingly disk failures please more details needed thank best regards monitoring engineer	Miscellaneous
flooding polls sent tuesday february flooding polls importance high hello please log ticket against monitoring escalate investigate below especially highlighted part treat incident hindering ability monitoring flooding polls generate hi there gap between poll states down alert generated according reports alert was generated between poll came back up response we measure automatically nor we report client for priority ticket minutes based can you please tell what should differently next below per polls settings configured severity levels set default means for default alert poll needs test down for consecutive inquiries if happens alert be generated timeout set seconds polling interval set minute total takes minutes seconds for detect alert course if works properly case took times amount suggest either raising with handle or changing interval minimum won ensure immediate action but be much faster if there further info can assist with please hesitate contact thanks incident manager thank you manager	Miscellaneous
oracle reassigning for approval reassigning for approval hello had member whom was line manager starting th moved another have sent change request his when moved request confirmed few days ago meantime reports were still coming for approval trying reassign those reports but getting error you can could you please advise how proceed regards	Miscellaneous
has caused incidents field specific needs to be cleared has caused incidents needs cleared hello please assign helping has caused incidents cleared because were progress incorrectly by cr owner reality had caused incidents causes dashboard display incorrect values november thank	Miscellaneous
add domains to july pm re suspicious hi thanks letting about clicking link delete please add blacklist regards july pm suspicious hi guys received rather suspicious today attached please did links thanks senior developer	Miscellaneous
account needs to be closed oracle wednesday pm re needs closed hi extracted report july he appears he submit july thank planning officer ext wednesday pm re needs closed hello please advised checked his ad closed well other accounts tickets were logged automatically via please specify thinking particular where his disabled best regards analyst community builder ext tuesday pm needs closed hi please close july he left thank planning officer ext	Miscellaneous
assign to new project pm assign dear please add	Miscellaneous
change value survey please amend values changed fatal error fatal error thank	Miscellaneous
project friday march hello please add also thank senior tester	Miscellaneous
add people to mailing add mailing hello kind add mailing please thank senior tester	Miscellaneous
add to list wednesday november pm audience add hi please kind add persons audience also thanks	Miscellaneous
modify calendar pm events calendar hello colleagues please reshape existent calendar follows add filters color codes type events sports social special fridays sessions trainings technical community teams celebrations add functionality view per filter integrated view add more calendar dedicated link name events create also filters follows professional sports add functionality view per filter integrated view questions please hesitate thank much communication specialist	Miscellaneous
change contact info snow tuesday december digital realty operational update changes portals addresses hi guys changed details rd party needs modified order reflect digital realty sovereign marsh wall sd phone main please help thanks kind regards wednesday november digital realty operational update changes portals addresses hello teams please advised information please let sd assist regards thanks best regards analyst tuesday november pm digital realty operational update changes portals addresses dear further communications contacting update transition ex sites digital realty please note legacy addresses taken out st december forwarded please update books sovereign meridian gate yard west additionally changes december change functionality passwords user please update bookmarks per cross connect please update connect connect please update please kind regards	Miscellaneous
update march update hi please note anymore he appears his please update accordingly thank	Miscellaneous
oracle expenses query query hi have expense claim ref have advised approval flow for code submitted claim against changed since submitted possible have current approval cancelled expense claim put back status can sub again for approval via flow regards infrastructure consultant	Miscellaneous
change approver flow pm re site approve think replace approver along going forward arranged	Miscellaneous
people manager change thursday march change hi please replace having second instead thank kind regards senior	Miscellaneous
site thursday re site working thank thursday re site hi please permissions were configured properly best regards engineer thursday re site hi please let site asap thank tuesday pm re site hi seems upload files please make upload files thanks tuesday pm re site se mine si thanks friday march pm re site hello please informed created site order manage site please guidelines link id awaiting create ad groups meantime add directly groups order work urgent more information please hesitate best regards engineer march pm re site hi code regards march pm re site hi code added loop thanks friday march pm re site hello order create site please provide code application review thank engineer tuesday march pm site hi needs per provide more details needed please help thank tuesday march pm site hello assist let thanks kind regards infrastructure annual leave march tuesday march pm site hi received site has created details described name name application review she has added ad client configuration officer added client administrator over resources git etc yet then fill name later make add person developers added client developers underlined groups created specified added thank	Miscellaneous
customer feedback owners team leader change for team feedback owners leader change hello please advised has replaced leader consequently please ensure low satisfaction score triggered complaint tickets automatically assigned let require further information side best regards care	Miscellaneous
project new field pm hi please add estimated create view screen issue type task thank	Miscellaneous
career update update hello please update thank	Miscellaneous
list recruitment tuesday pm dear please mailing which owner include thanks head registered under number whose registered old broad street kingdom provide clients each subsidiaries separate	Miscellaneous
add to thursday pm add hello please add thank regards leader	Miscellaneous
people manager notification received for sent thursday please action direct reports keep receiving about someone longer direct report up date accurate but appears think otherwise consultant date wednesday please action direct reports dear manager part established processes each required submit his weekly basis each friday for past week must be submitted for approval you receiving because some your direct reports haven followed process please help cascade accordingly gets possible below breakdown your direct reports please note if refers left or maternity other absence leave please contact update person record otherwise please contact person directly submit their manager country for for date total days	Miscellaneous
approver for team friday december approver hi flow attached probably rest change approver please help change assistance needed side let holiday thursday december pm approver hello noticed receive requests members example has approver instead myself please thanks leader	Miscellaneous
receiving duplicates for high score notifications sent tuesday receiving duplicates for high score hello could you direct responsible investigate why receiving duplicates similar for high scores thank you regards leader en	Miscellaneous
corrective actions en sent monday corrective actions hello please open separate ticket for each below assets assign them appropriate perform necessary corrective actions with regards encryption please log ticket thank you manager	Miscellaneous
project adjustments stuck pending status sent tuesday re adjustments stuck pending status hi please raise ticket for below request thanks applications analyst sent tuesday adjustments stuck pending status hi have doing adjustments projects preparation for period closure some appear be stuck pending status particularly for where transactions for did adjustment change their status non seem be stuck pending looks like tried same process more times after but these failed because was still pending status please find attached production there single one for also pending could your look maybe kill pending processes allow them run again thanks	Miscellaneous
missing time notification received for approved sent friday please action direct reports hello please attached showing weeks for march have approved can you please correct receiving regards sales lead date thursday re please action direct reports know keep getting similar part settling sent device original message date re please action direct reports hi wow interesting entering weekly assumed were approved ll check morning get into was having issues regards sales lead date thursday fwd please action direct reports hi one for you below sent device original message date please action direct reports dear manager part established processes each required submit his weekly basis each friday for past week must be submitted for approval you receiving because some your direct reports haven followed process please help cascade accordingly gets possible below breakdown your direct reports please note if refers left or maternity other absence leave please contact update person record otherwise please contact person directly submit their manager country for for date total days	Miscellaneous
requisition returned by buyer thursday re requisition returned by buyer colleagues said placed order headphones let reserve pair dear please log allocate equipment arrives thanks kind regards engineer re requisition returned by buyer were headphones confirmed he ordered pending headphone orders wireless mice well hopefully order pending too kind regards engineer re requisition returned by buyer hi please thread headphones today cheers head digital date thursday re requisition returned by buyer hi reach out kind regards administrator thursday re requisition returned by buyer hi please headphones reach out cheers head digital date thursday requisition returned by buyer task application requisition returned by buyer details assignee assigned date task number requisitioning description headphones entered by creation date return reason provide recommended actions review requisition details resubmit requisition lines item description category name quantity price amount headphones other view requisition details	Miscellaneous
complaint ticket triggered erroneously sent wednesday february low satisfaction score for height adjustable monitor hello confirmed with scores below should have triggered complaint therefore please investigate or escalate if required please contact myself or for any further details depending their nature if questions related how complaints should be triggered would be most entitled information thank you best regards leader ext sent thursday low satisfaction score for height adjustable monitor please be advised height adjustable monitor one or more low satisfaction scores should be treated complaint score details overall satisfaction with provided by ability understand issue having repeat information about issue communication steps required for resolution taken by solve your issue effectively what influenced you give these markings communication steps required for resolution because was told needed create without any further details about but thing was quickly resolved by follow up after was told by item being worked overall very very satisfied thank you please initiate complaint ticket for follow customer feedback handling process ref msg	Miscellaneous
oracle permissions permissions hello please add name code carps thanks br officer thursday sd hi please ask add filtered enclosed spreadsheet then update thank	Miscellaneous
change current cannot change his role sent tuesday change importance high can you please sort out did receive anything approve sent tuesday re change sa line manager la status changes data pending approval you cannot update data until approval completes warning changes data pending approval you cannot update data until approval completes sent tuesday re change importance high la pot ca va sa va si sa conform sent wednesday change can you please change existing line manager for following members should have their line manager we already tried change directly but for some reason did work	Miscellaneous
ticket issue tuesday july user listings his importance high hello please advised has updated best regards analyst july pm re user listings his importance high hi log create shows accounts payable invoice attached	Miscellaneous
report report hi form review comment allow make comments compliance kindly ask you fix kind regards senior manager	Miscellaneous
add machines to the network tuesday july add users please include users	Miscellaneous
time cards approval issues sent july cards approval issues hello received approval for cards below but looks like have access approve them could you please have look approval button active action permitted could even open card thank you leader ext en address st emergency telephone number	Miscellaneous
change line manager ad thursday july pm re incorrect ad thanks	Miscellaneous
check printer trays tickets sn friday october pm printer trays tickets dear couple tickets regarding printer trays checks please change timers next ones close down without breaching best checks performed leaving thanks kind regards engineer	Miscellaneous
oracle issue entry approvals issue entry approvals hi need your help investigating below issue with entries have annual leave awaiting approval status but with confirming entries approved entry approved or need make any further actions also can you please check where blocked entry for also status awaiting for approval but confirmations thanks regards defect manager	Miscellaneous
identifying the backup contributors for hello want inform granted respective groups more assistance feel free kind regards engineer hello please advised added mentioned groups please feel free additional questions thank best regards engineer tuesday october pm add users ad groups dear please add these ad groups announcements members members events members thanks engineer dear please add these ad groups announcements members members events members thanks engineer thursday october re rights hello please about regards discipline lead wednesday october pm re rights hello process identifying backup contributors think come back tomorrow thank wednesday october pm re rights hello location well sorry late had public holiday yesterday having additional editors thank october re rights hello gathered until helps let specialists latin additional editors thank lovely tuesday october pm re rights hello please let location rights regards lead tuesday october re rights hi spot please write fixing sync active directory groups idea rights add members ad groups connected sites easily book add which allowing content please ad groups sync update about progress thank best october pm re rights please also thank october pm rights hey everyone about maybe alternate persons each location had mentioned editing rights anymore make thanks lovely communication specialist registered under number whose registered old broad street kingdom provide clients each subsidiaries separate entity has liability	Miscellaneous
service now closing down closing down good morning please ask help log disable location moved away contract ended further information required matter please let kind regards infrastructure	Miscellaneous
change pm pas pm change pm hi please log assign pm ca si pm kind regards engineer	Miscellaneous
change request change hello setup changed please help facilitate thanks	Miscellaneous
oracle issue be approver for sent wednesday november issue be approver for dear for some reason getting approval request for neither his manager nor managing submitting his used be his manager past maybe change propagated managing while manager thanks registered under number whose registered old broad street kingdom does provide any clients each subsidiaries separate	Miscellaneous
made false sent friday made false dear could you please help with incident number resolution but when closed ticket made was changed true false please attached best regards engineer	Miscellaneous
add to groups add groups dear please add addresses thanks head	Miscellaneous
approvals needed oracle approvals needed hi need your with situation colleague holiday we need his approvals line manager for number advances part his have next week won receive their per if advances approved unfortunately delegate right application trying find another solution for approving those you able approve advances requests for thanks manager en	Miscellaneous
contacts assigned to incorrect projects and accounts oracle pas assigned incorrect accounts hello finds well follow conversation regarding accuracy compiled come back pre survey mentioned assigned accounts mentioned view export modify these help out provide export assigned also received information regarding gather requested module manage parties please attached export received colleagues information consequence parties assigned accounts accordingly please attached export received worked extracting compiled assigned different accounts spite re assigned other accounts pm incorrectly assigned pm incorrectly assigned incorrectly assigned he currently incorrectly assigned pm pm incorrectly assigned left incorrectly assigned dp pm incorrectly assigned he replaced mentioned he started make changes incorrectly assigned dp incorrectly assigned he replaced by started make chances least incorrectly assigned replaced by pm incorrectly assigned pm incorrectly assigned pm assigned received undeliverable him pm assigned received undeliverable her assigned received undeliverable assume she left well assigned received undeliverable him same assigned unfortunately care accountable validity neither nor thing redirect log tickets amended amend themselves privilege ensure consistent throughout performed order inconsistencies otherwise spited assigned accounts shown missed which accounts assigned make changes incorrectly assigned suggest tickets well amended accordingly well please log information assign accordingly has logged issue resolved opened please note information amended valid require information side please let thank care	Miscellaneous
add ad groups and users to new thursday november pm add ad groups users dear please create ad groups populate users document attached these groups visible receive done reference id best regards engineer	Miscellaneous
unable to view incidents service now it ops unable view incidents ops hello writing regarding issue have if try view incidents get following error message therefore cannot check incidents logged by ops cannot normally with activities could be treated urgent duty tonight affect operational must provide last had issue was ops ops thanks monitoring engineer	Miscellaneous
line management change pm change hi help initiating change structure tried ago obviously work thanks lot	Miscellaneous
oracle add new pm requisition hi please assist option creating requisition thanks requisition please vacancies against approve interim take thanks mobility officer requisition requisition requisition title requisition id requested by comments please approve option removed completely respond view more requisition details respond possible respond	Miscellaneous
add and kits to dear noticed yesterday well matter mind again please thanks kind regards engineer	Miscellaneous
us sales add re hi please add also how by myself moving forward regards	Miscellaneous
wipe en thursday wipe dear please log wipe hello please wipe sold regards officer	Miscellaneous
oracle line manager change issue change issue hello report change per attached appreciate assistance thank best	Miscellaneous
adjustments for july pm adjustments importance high hi based entered instead possibly reject approved entries periods re submit correctly code thanks	Miscellaneous
approval issues sent wednesday tot sa approve ca tot submitted va sa manager	Miscellaneous
remove from the ms sd team leaders friday december pm sd leaders hello please take out sd leaders thanks resource	Miscellaneous
database for wednesday pm re hosting environment hello date si database name kind regards consultant date november re hosting environment hello please advised created virtual machine requested name please connect manage has rights root also created called administrator root privileges teams please change delete user please configuration let further assistance required thank engineer	Miscellaneous
kind request mailing list kind mailing hello kindly require assistance task please include colleague mailing lists thank help please let more information part specialist blvd floor district	Miscellaneous
please create a new ms management please create dear sir madam kindly created owner thank	Miscellaneous
migration docs links tuesday pm migration docs links hello please log requesting add myself ad groups view board view detail board thanks migration docs links hi guys compilation located docs think useful accounts created granted build spreadsheet mapping status raid log environments template best practices view detail board groups unix diagram ad groups unix doc heading app mechanism view mechanism diagram pro mechanism instance tags federation kind regards technical consultant	Miscellaneous
access from hi guys connect old please help route please route add route add thanks senior consultant infrastructure	Miscellaneous
role for friday pm role hello please approve buyer she needs thank regards leader	Miscellaneous
review location lists wednesday november review location lists dear please log name category application policy summary review location lists description please review locations lists make users right ones ex directly sub name active directory priority assigned thank kind regards reference reoccurring locations	Miscellaneous
role amendment wednesday november pm re role amendment hi section has restricted role please let further assistance needed kind regards analyst role amendment hi please role comments column role changes assignment discipline name restrict regards	Miscellaneous
time entry ticket request data hi re doing requests user experience exercise digital share requests spent mitigating user issues these processes please let provided help thank senior	Miscellaneous
new purchase po february pm purchase po dear purchased tv led lh please log installation please take consideration mandatory receipts section order receive item ordered kind regards administrator	Purchase
po old retrieval purchase po has assigned hello please returning old well kind regards engineer ext tuesday october purchase po has assigned hello please advised record number has assigned please review details take appropriate action reference number details requested location center summary purchase po additional comments requirements purchase po dear purchased please log retrieve old device please take consideration mandatory receipts section order receive item ordered how video please explorer kind regards administrator assign reference assignment summary purchase po location center attachments image please link kind regards ref msg	Purchase
new purchase po wednesday march pm purchase po dear purchased tv telescopic motion please log installation please take consideration mandatory receipts section order receive item ordered how video kind regards administrator	Purchase
new purchase po purchase po dear purchased requested by adaptor male female please log allocation after receive item please take consideration mandatory receipts section order receive item ordered how video link kind regards administrator	Purchase
admin hi make administrator board thanks senior id image	Purchase
new purchase po purchase po dear purchased hard rubber slim lite must kick lite please log allocation after receive item please take consideration mandatory receipts section order make receipt item ordered how video link kind regards administrator	Purchase
po july pm po hi please thank kind regards july pm re po hi user profiles advise has his vacation rule copied colleagues thanks kind regards july pm re po hi please advise how delegated backup person he off next two weeks he make amended redirected somehow thanks help july po hi possible needs approve then create po br po hi please provide po attached invoice thank kind regards accounts payable accountant phone	Purchase
help with purchase request friday purchase dear please help submit purchase find video tutorials kindest regards ga par consultant	Purchase
new purchase po friday march purchase po dear purchased requested by cod jug please log installation please take consideration mandatory receipts section order receive item ordered kind regards administrator	Purchase
new purchase po hardware retrieval purchase po dear purchased type please log retrieve old device xxx after receive item please take consideration mandatory receipts section order receive item ordered how video link please receipt number item needed processed kind regards administrator	Purchase
new purchase po purchase po dear purchased monitor has please log allocation please take consideration mandatory receipts section order receive item ordered how video please explorer kind regards administrator	Purchase
new purchase po november pm purchase po dear purchased apple pro retina apple thunderbolt gigabit adapter apple mini adapter mb please log installation please take consideration mandatory receipts section order receive item ordered kind regards administrator	Purchase
automatic remote installation for oracle app thursday pm automatic remote installation app hi please advise looking automatic remote installation hundreds users technical moment file how install users best regards holiday notice	Purchase
new purchase po pm purchase po dear purchased requested by mouse headphone adapters adapters please log allocation please take consideration mandatory receipts section order receive item ordered how video kind regards administrator	Purchase
new purchase po purchase po dear purchased black ink pack cyan ink pack magenta ink pack yellow ink packs please log allocation after receive item please take consideration mandatory receipts section order receive item ordered how video link kind regards administrator	Purchase
new purchase po wednesday march purchase po dear purchased deep cool please log installation please take consideration mandatory receipts section order receive item ordered how video kind regards administrator	Purchase
installation en friday pm installation hello please order install app assign best regards engineer	Purchase
po hardware installation wednesday november pm re po hi thanks done regards wednesday november pm po yellow got pc pc sd justification work environments consumes lot resources order work fast paced environment deliver high work please log two tickets installed thanks please perform receipt po thank administrator phone wednesday november pm la la intend po sd po rack ext technician	Purchase
re new purchase po install friday october pm re purchase po hi please log thanks technician thursday october pm purchase po dear purchased received items galaxy red mobile subscription updated include device under user name link please add installing device thanks kind regards administrator	Purchase
po pm po hi teams extension cable has please create installation please perform goods receipt by exactly attached screen capture thank administrator phone	Purchase
status status hello please status update understand expired requisition purchase order kind regards	Purchase
replenishment po thursday july pm hi folks professional backpacks present please log replenishment po mister please perform thanks administrator mobile phone thursday july pm la la po professional thanks technician	Purchase
po november pm po hey purchase has floor envelopes mobil galaxy dual black dual black spate clear cover galaxy black micro alb has updated under user name include device require swap please inform please log installation by please perform receipt by screen capture mandatory lock down ordering merchandise suppliers thank administrator	Purchase
new purchase po wednesday july pm purchase po dear purchased received items galaxy updated include device under user name please add allocation device thanks kind regards administrator	Purchase
  tuesday october pm hi purchase has made floor requested by tv lh tv lh tv tv stands how upgrade upgrade please create installing tickets these purchased via please receipts receive items po by screen capture example lines please select	Purchase
mouse allocation tuesday pm mouse allocation dear please log assign allocating spare mouse thanks kind regards engineer	Purchase
computer out of order sent tuesday march computer out order hello computer out order yesterday march today guys change respectfully	Purchase
new purchase po thursday november pm purchase po dear purchased expansion portable inch hard drive please log installation please take consideration mandatory receipts section order receive item ordered kind regards administrator	Purchase
  friday pm hi folks galaxy mobile subscription device present under her user name has details voice please log installation by fellas thanks guys please her cover tempered glass thanks administrator phone	Purchase
po wednesday pm po hi purchased ca notebook battery floor please log installation please perform goods by exactly reproducing thank administrator phone	Purchase
oracle catalog administrator rights catalog administrator rights hi please kindly catalog administrator rights hi please kindly log thanks kind regards	Purchase
new purchase po friday purchase po dear purchased pixel bumper dark please log allocation please take consideration mandatory receipts section order receive item ordered how video please explorer kind regards administrator	Purchase
reception new delivery hello received items po po po po po po please advise please log thank engineer	Purchase
new purchase march pm purchase dear purchased mouse port adapters adapters cables patch meters extender please log installation please take consideration mandatory receipts section order receive item ordered kind regards administrator	Purchase
new purchase po purchase po dear purchased keyboard please log allocation kind regards administrator	Purchase
allocation purchase request for it final owner id has been approved thursday july pm purchase final owner id has approved dear please allocate please log call relevant installation allocation thanks purchase note mailbox receive messages information confidential legally privileged intended solely addressee	Purchase
document purchase order requisition implemented pm document purchase order requisition implemented dear purchased notebook bag please log installation kind regards administrator	Purchase
new purchase po wednesday purchase po dear purchased monitor please log allocation please take consideration mandatory receipts section order receive item ordered how video please explorer kind regards administrator	Purchase
new purchase po wednesday march pm purchase po dear purchased sc please log installation please take consideration mandatory receipts section order receive item ordered kind regards administrator	Purchase
price offer po wednesday pm price offer po hi electronic safe has requested by please log installation thanks please perform safely manner how thanks administrator phone wednesday pm re price offer po hi received safe safely transported papers signed given further processing log installation thank engineer ext re price offer po hi invoice attached way premises depends drivers route premises next best regards macedonia wednesday re price offer po play safe morning thank help please inform gets maybe add invoice replying thanks administrator phone tuesday re price offer po hi safe friday today going organize pickup later during best regards macedonia friday pm re price offer po hi gentlemen wanted working please thanks administrator phone thursday pm re price offer po enormous pleasure proceed order attached po help thanks administrator phone friday re price offer hi found best regards macedonia tuesday pm price offer hi please offer price quote availability yale safe safe official product located these stores shops across macedonia element mr unable source yale maybe offer alternatives administrator phone	Purchase
po transaction report question tuesday pm re po transaction report question hi please thank engineer pm po transaction report question hi po transaction report total amount ordered filled po example po amount ordered blank please take thanks head	Purchase
please clone po transactions report please clone po transactions report hello guys please clone report po transactions report reports area thanks hi please kindly log thanks kind regards	Purchase
replenishment pm hi large purchase has requested by monitors remaining machine next please log replenishment by thanks receive marked items ignore did thanks thank administrator phone	Purchase
new purchase po november purchase po dear purchased please log installation please take consideration mandatory receipts section order receive item ordered kind regards administrator	Purchase
new purchase po thursday november pm purchase po dear purchased wireless mobile mouse jug please log installation kind regards administrator	Purchase
allocation new purchase po july pm purchase po dear purchased please log allocation please take consideration mandatory receipts section order receive item ordered how video please explorer kind regards administrator	Purchase
new purchase po wednesday february pm purchase po dear purchased please log installation kind regards administrator	Purchase
new purchase po friday pm purchase po dear purchased professional backpack patch cat patch cat please log installation please take consideration mandatory receipts section order receive item ordered kind regards administrator	Purchase
new purchase po friday pm purchase po dear purchased pal raiser please log installation please take consideration mandatory receipts section order receive item ordered kind regards administrator	Purchase
new purchase po wednesday pm purchase po dear purchased apple mini intel graphics apple apple mouse apple apple keyboard please log installation please take consideration mandatory receipts section order receive item ordered how video kind regards administrator	Purchase
new purchase po tuesday july purchase po dear purchased pro please log allocation please take consideration mandatory receipts section order receive item ordered how video please explorer kind regards administrator	Purchase
back cover tempered glass back cover tempered glass hi please log having supplied both back cover tempered glass phone thanks programme portfolio officer mobile phone	Purchase
new purchase germany pm purchase germany dear purchased requested by items monitor kb wireless laser mouse adapter drop stick please log installation kind regards administrator	Purchase
intend multiple po po thursday february pm intend multiple purchased items po pros sd flash drive savage intel series notebook pin cable adaptor inter tech po tempered glass galaxy please log replenishment supporters thanks next po patch guard key patch guard administrator phone	Purchase
new purchase po purchase po dear purchased link please log allocation kind regards administrator	Purchase
allocation new purchase po purchase po dear purchased received items updated include device under user name link please add allocation device thanks please log retrieve old device after receive item please take consideration mandatory receipts section order receive item ordered how video link please make return old device back accessories left receive receive old device take off user name kind regards administrator	Purchase
  friday march pm hi purchased growth please create installation machine initiated thanks say hello hater administrator phone	Purchase
new purchase po purchase po dear purchased inch wide type monitor please log allocation after receive item please take consideration mandatory receipts section order receive item ordered how video link please receipt number item needed processed thank kind regards administrator	Purchase
  friday february pm re hello receipt done thank help kindest regards friday february pm purchased present please log built thanks february has arrived please kind proceed operate goods attached how make replicate administrator phone	Purchase
new purchase po pm purchase po dear purchased cts cts cts please log each location installation please take consideration mandatory receipts section order receive item ordered how video kind regards administrator	Purchase
po a apple pro retina tuesday july pm computer hi folks apple pro retina intel plus graphics kb has floor please log installation by guys please provide type hub thanks administrator phone tuesday july computer re computer ii la mine best regards engineer ext	Purchase
franking machine installation thursday pm machine installation dear please log assign installing franking machine requested by franking machine currently installed working kind regards engineer	Purchase
new purchase po wednesday awaiting response purchase po analyst community builder ext hub tuesday pm awaiting response purchase po va receive item la meeting room awaiting response purchase po dear reminder currently awaiting response reference number summary purchase po hold note details details tuesday pm purchase po hello please advised logged allocate assign resolving please advise floor seat number located colleagues these details order bring best regards analyst community builder ext hub initial tuesday pm purchase po dear purchased please log installation please take consideration mandatory receipts section order receive item ordered how video kind regards administrator information confidential legally privileged intended solely addressee opinions expressed mine necessarily represent opinions susceptible interference intended please ask respond recent communication had regards query hear within days query resolved please note resolution target date extended query has placed hold kind regards ext hub ref msg registered	Purchase
new purchase po purchase po dear purchased mobil galaxy dual black link mobil galaxy black link please log allocation kind regards administrator	Purchase
new purchase po po dear purchased inch pro dual core intel core processor turbo boost memory please log allocation please take consideration mandatory receipts section order receive item ordered how video please explorer kind regards administrator	Purchase
new purchase po thursday pm purchase po dear purchased headset please log installation please take consideration mandatory receipts section order receive item ordered kind regards administrator	Purchase
device alert message device dear please add colleague receive mails cartridge ink low printers once she receive mails colleague thank regards	Purchase
new purchase po purchase po dear purchased tv tv wall mount please log allocation please take consideration mandatory receipts section order receive item ordered how video please explorer kind regards administrator	Purchase
oracle no catalogue purchase screen sent tuesday catalogue purchase screen trying order cards have tried raise however there nothing catalogue option browse doing something wrong	Purchase
new purchase po purchase po dear purchased please log allocation please log retrieve old device after receive item please take consideration mandatory receipts section order receive item ordered how video link kind regards administrator	Purchase
new purchase po purchase po dear purchased industrial ne please log allocation please take consideration mandatory receipts section order receive item ordered how video kind regards administrator	Purchase
new purchase po tuesday purchase po dear purchased tv please log allocation please take consideration mandatory receipts section order receive item ordered how video kind regards administrator	Purchase
  friday hello purchased requested by find under please log replenishment thanks please receipts receive items by searching po number subject thank administrator phone	Purchase
document purchase order requisition implemented tuesday document purchase order requisition implemented dear purchased please log installation kind regards administrator tuesday pm document purchase order requisition implemented task application document purchase order requisition implemented details assignee assigned date expiration date task number sold entity order buyer ordered approximately nonrecoverable tax justification order details supplier computer supplier site site location supplier order description note supplier requisitioning requisition requester cost center attachments po registered under number whose registered old broad street kingdom provide clients each subsidiaries separate entity has	Purchase
new purchase po friday pm purchase po dear purchased pro retina dual core mini adapter apple thunderbolt gigabit adapter please log allocation please take consideration mandatory receipts section order receive item ordered how video kind regards administrator	Purchase
new purchase po purchase po dear purchased please log installation kind regards administrator wednesday document purchase order requisition implemented task application document purchase order requisition implemented details assignee assigned date expiration date task number sold entity order buyer ordered approximately nonrecoverable tax justification order details supplier computer supplier site site location supplier order description note supplier requisitioning requisition requester cost center attachments po	Purchase
retrieve the old devices from wednesday pm purchase po dear purchased please log allocation please log retrieve old devices link link please take consideration mandatory receipts section order receive item ordered how video please explorer kind regards administrator	Purchase
new purchase po pm purchase po dear purchased monitor please log installation please take consideration mandatory receipts section order receive item ordered kind regards administrator	Purchase
new purchase po tuesday november pm re purchase po ordered receipts thanks done senior engineer ext date november pm purchase po dear purchased ism tray feeder sheets printer stand please log installation please take consideration mandatory receipts section order receive item ordered kind regards administrator	Purchase
battery replacement galaxy thursday october pm po hello purchase has made battery galaxy requested by please log replace battery device please perform po thank administrator phone thursday october pm best regards technician	Purchase
  thursday february pm hi wired black mouse charcoal black mouse wireless prize well prize well please create replenishment by administrator phone	Purchase
po october pm po hi purchased sd resealed please log installation by please receipts perform receipt attached screen thank administrator phone	Purchase
new purchase po thursday pm purchase po dear purchased requested by backpack inch please log allocation please take consideration mandatory receipts section order receive item ordered how video explorer kind regards administrator	Purchase
  wednesday july pm hey folks lh tv requested by these two budget please log installation thanks administrator phone	Purchase
new purchase po november purchase po dear purchased received items galaxy red mobile subscription updated include device under user name link please add installing device thanks kind regards administrator	Purchase
po thursday february purchase po dear purchased battery please log installation please take consideration mandatory receipts section order receive item ordered kind regards administrator	Purchase
  hi silicon lite growth please log replenishment thanks administrator phone	Purchase
purchase requisitions situation oracle for account analyst community builder ext hub tuesday pm re purchase requisitions please log installation provide height adjustable monitor growth thanks everyone requisition required administrator phone tuesday pm re purchase requisitions monitor thank engineer tuesday pm re purchase requisitions nope re respond monitor please provide thanks administrator phone tuesday pm re purchase requisitions hello please advise further assistance requested thank analyst community builder ext hub tuesday pm re purchase requisitions guys seeing monitor under please infirm administrator phone tuesday pm re purchase requisitions hi monitor height adjustable thank engineer tuesday pm re purchase requisitions hi catalogs populated require thanks administrator phone tuesday pm purchase requisitions hello please advise thanks kind regards analyst ext hub purchase requisitions hello make purchase requisitions purchase requisitions section available catalogues nor find product search function image please thank engineer	Purchase
new purchase po friday march pm purchase po dear purchased please log installation please take consideration mandatory receipts section order receive item ordered how video feature kind regards administrator	Purchase
new purchase po thursday february pm purchase po dear purchased please log installation please take consideration mandatory receipts section order receive item ordered kind regards administrator	Purchase
new purchase po purchase po dear purchased dummy link please log allocation after item please take consideration mandatory receipts section order receive item ordered how video link please receipt number item needed processed thank kind regards administrator	Purchase
allocation purchase order wednesday purchase order morning galaxy has requested by listed under his kindly asking cleaning old device swap required please accessories complement device please hand cover glass please log installed thanks please perform re familiar procedure out thanks administrator phone tuesday pm la la po galaxy kind regards technician	Purchase
printer installation printer installation dear please log assign main printer thanks kind regards engineer	Purchase
new purchase po re purchase po thanks lot update great afternoon everyone wednesday november purchase po dear purchased please log allocation after receive item please take consideration mandatory receipts section order receive item ordered how video link kind regards administrator	Purchase
po tuesday october pm dear purchase has made items requested by mouse wireless mouse wireless top load black adaptor please log store these please proceed receive goods under receipts thank administrator phone	Purchase
temporary requested allocation implementing apple she mentioned she until october approx she also wants allocated	Purchase
new purchase po purchase po dear purchased component spare please log allocation kind regards administrator	Purchase
new purchase po purchase po dear purchased galaxy link mobile please log allocation kind regards administrator	Purchase
oracle access wednesday july pm hi processing regarding purchase requisition receipts second has purchase requisition receipts please give her also thanks	Purchase
new purchase po purchase po dear purchased requested by charge charger please take consideration mandatory receipts section order receive item ordered how video please explorer kind regards administrator	Purchase
new purchase po purchase po dear purchased hub please log allocation kind regards administrator	Purchase
new purchase po tuesday purchase po dear purchased tv tv device trio months premier trio phone please log allocation please take consideration mandatory receipts section order receive item ordered how video kind regards administrator	Purchase
purchase request for it final owner id has been approved friday july pm purchase final owner id has approved dear please allocate large screen high resolution please log call relevant tower installation allocation thanks purchase note mailbox receive messages	Purchase
po tuesday december po morning adaptor male female black blister pc pc please log installed please perform by screen capture thank administrator phone	Purchase
new purchase po purchase po dear purchased received items lite mobile subscription updated include device under user name please log allocation device after receive item please take consideration mandatory receipts section order receive item ordered how video link thank kind regards administrator	Purchase
new delivery tuesday pm hello received items po po intend po please advise please log thank engineer	Purchase
new purchase po friday pm purchase po dear purchased licenses patch cat patch cat patch cord patch cat please log allocation please take consideration mandatory receipts section order receive item ordered how video please explorer kind regards administrator	Purchase
retrieval new purchase po purchase po dear purchased pro retina intel plus graphics kb please log allocation please log retrieval old device after receive item please take consideration mandatory receipts section order receive item ordered how video link please receipt number item needed processed thank kind regards administrator	Purchase
unable raise purchase request on someone behalf sent tuesday march issue hello would like ask you for favor able create purchase requisition someone if possible could you please arrange for best manager	Purchase
activate on android october activate android hi document step by step guide needs configured android device phone thanks analysis lead	Purchase
new purchase po wednesday pm purchase po dear purchased please log allocation please take consideration mandatory receipts section order receive item ordered how video thank best regards compliance	Purchase
new purchase po tuesday purchase po dear purchased pro retina intel plus graphics kb type hub please log allocation please take consideration mandatory receipts section order receive item ordered how video please explorer kind regards administrator	Purchase
new purchase po wednesday december pm purchase po dear purchased received items subscription updated include device under user name link please add installing device thanks kind regards administrator information confidential legally privileged intended solely addressee opinions expressed mine necessarily represent opinions susceptible interference intended recipient disclosure copying	Purchase
order number tuesday july pm order number hi folks has please log installation by thanks administrator phone july pm la intend pc type po si po engineer	Purchase
  tuesday pm hi folks se tempered glass has back cover way unable provide order mobile phone listed under his user name needs details sn sn status change growth assigned also needs returned understand swap please log installation thanks administrator phone	Purchase
new purchase po wednesday pm purchase po dear purchased hub please log allocation kind regards administrator	Purchase
new purchase po purchase po dear purchased mouse keyboard cables type adapters cables extender patch cord headset please log allocation after receive item please take consideration mandatory receipts section order receive item ordered how video link thank kind regards administrator	Purchase
po thursday november pm po proudly presents has kindly deliver installation thanks please receipts perform receipt added screen please attention required thank administrator phone	Purchase
security issues october issues dear please relevant order identify devices switch which connected because device please user logged static number extension information required order solve engineer	Purchase
new purchase po purchase po dear purchased el conn pow el conn pow please log allocation after receive item please take consideration mandatory receipts section order receive item ordered how video link please receipt number item needed processed kind regards administrator	Purchase
po friday december pm re po hello performed thank everything christmas december pm po hi mini machines found under please allocate two installation tickets please perform both devices by attached screen capture thank administrator phone	Purchase
info text editor installation text installation hi needed help installing text station colleague helped regards	Purchase
purchase request for it final owner id has been approved july purchase final owner id has approved hello purchased speak please log allocation thank administrator image image image image st content uploads take step today think print wednesday july pm purchase final owner id has approved dear pleased inform purchase has approved notified further progress due thank puma user guide found purchase note mailbox receive messages note mailbox receive messages	Purchase
new purchase po november purchase po dear purchased pal please log installation please take consideration mandatory receipts section order receive item ordered kind regards administrator	Purchase
set up hello has has simplified changed order needs today thanks	Purchase
new purchase po retrieval canceled purchase po dear purchased pro retina intel plus graphics kb please log allocation please log retrieve old device kind regards administrator	Purchase
po tuesday december pm re po got thanks lot galaxy date po eros va has requested by please log installed please perform receipt raised thank administrator phone	Purchase
new purchase po march purchase po dear purchased please log installation please take consideration mandatory receipts section order receive item ordered how video thank kind regards administrator	Purchase
new purchase thursday march pm purchase dear purchased speak please log installation please take consideration mandatory receipts section order receive item ordered how video kind regards administrator	Purchase
po replenishment tuesday december pm po hi patch cat mouse wireless optic swift grey requested by se please log replenishment please perform receipt thanks thank administrator phone	Purchase
new purchase po purchase po dear purchased apple link please log allocation please take consideration mandatory receipts section order receive item ordered how video please explorer kind regards administrator	Purchase
purchase request for it final owner id has been approved wednesday july pm purchase final owner id has approved hi purchased reload backpack wireless mouse headset requested by purchased reload backpack please log replenishment administrator thursday july pm purchase final owner id has approved dear pleased inform purchase has approved notified further progress due thank puma user guide found purchase note mailbox receive messages note mailbox receive messages	Purchase
new purchase po friday december pm purchase po dear purchased sd memory please log installation kind regards administrator	Purchase
purchase request po wednesday pm po dear purchased please log built please process receipt receipts button found dashboard thank administrator	Purchase
order number thursday pm re order number later arrived please log installation thank administrator mobile phone	Purchase
new purchase po purchase po dear purchased intel series please log allocation please take consideration mandatory receipts section order receive item ordered how video please explorer kind regards administrator	Purchase
new purchase po thursday november pm purchase po dear purchased inch monitor please log installation please take consideration mandatory receipts section order receive item ordered kind regards administrator	Purchase
order number wednesday pm order number hey folks requested by please log installation please perform order number how thank administrator mobile phone	Purchase
new purchase po purchase po dear purchased type hub please log allocation kind regards administrator	Purchase
new purchase po purchase po dear purchased adapters please log allocation after item please take consideration mandatory receipts section order receive item ordered how video link please receipt number item needed processed thank kind regards administrator	Purchase
new purchase po purchase po dear purchased received items by lite updated include device under user name link please add allocation device thanks after receive item please take consideration mandatory receipts section order receive item ordered how video link please make return old device back accessories left receive receive old device take off user name kind regards administrator	Purchase
replenishment re forecast hi monitors updated follows via order number updated follows same order please log replenishment monitors cables multimedia keyboards receive near future headset mobile black wireless mouse backpacks around days choice thanks administrator phone	Purchase
reference your parallels desktop for order po tuesday october pm reference parallels order po importance high hi please log present help installation thank administrator tuesday october pm reference parallels order po hi please find bellow license key link installation download parallels requested product key mb ex hi please log needed installation license related thank administrator	Purchase
new purchase po february purchase po dear purchased please log installation please take consideration mandatory receipts section order receive item ordered encounter multiple items select by ctrl key clicking how video feature kind regards administrator	Purchase
new purchase po wednesday february pm purchase po dear purchased docking stations dock please log installation please take consideration mandatory receipts section order receive item ordered kind regards administrator	Purchase
new purchase po purchase po dear purchased monitor inch because order please attached file please log allocation kind regards administrator	Purchase
hardware transfer to bucharest july purchase po dear purchased pro retina type hub please log allocation please log type hub please take consideration mandatory receipts section order receive item ordered how video please explorer kind regards	Purchase
new purchase po purchase po dear purchased please log allocation please log retrieve old device after receive item please take consideration mandatory receipts section order receive item ordered how video link please receipt number item needed processed thank kind regards administrator	Purchase
new purchase po purchase po dear purchased received items updated include device under user name link please add allocation device thanks please log retrieve old device please make return old device back accessories left receive kind regards administrator	Purchase
new purchase po december purchase po dear purchased please log installation please take consideration mandatory receipts section order receive item ordered kind regards administrator	Purchase
new delivery hello received items lite cards command lite po please advise please log thank engineer	Purchase
new purchase po purchase po dear purchased requested by please log allocation after receive item please take consideration mandatory receipts section order receive item ordered how video please explorer kind regards administrator	Purchase
new purchase po purchase po dear purchased requested by inch wide type monitor please take consideration mandatory receipts section order receive item ordered how video please explorer kind regards administrator	Purchase
new purchase po friday november pm purchase po dear purchased silicon galaxy please log installation please take consideration mandatory receipts section order receive item ordered kind regards administrator	Purchase
new purchase po purchase po dear purchased requested by mice mini display port adaptor please take consideration mandatory receipts section order receive item ordered how video please explorer kind regards administrator	Purchase
new purchase po thursday july purchase po dear purchased wireless router please log allocation please take consideration mandatory receipts section order receive item ordered how video please explorer kind regards administrator	Purchase
po pm re hi done	Purchase
new purchase po purchase po dear purchased pro retina intel plus graphics kb please log allocation after receive item please take consideration mandatory receipts section order receive item ordered how video link please receipt number item needed processed thank kind regards administrator	Purchase
new purchase po purchase po dear purchased cables monitor male male convertor male please log allocation after receive item please take consideration mandatory receipts section order receive item ordered how video please explorer kind regards administrator	Purchase
new purchase po purchase po dear purchased please log allocation please take consideration mandatory receipts section order receive item ordered how video please explorer thank administrator	Purchase
po friday november pm po hello please log build dear please receipts perform receipt screen capture instructions thank administrator phone	Purchase
  thursday october pm hello please assign install hot plug hard disk drive rpm sec please proceed receive item thank administrator phone	Purchase
new purchase po friday pm purchase po dear purchased pc crucial please log installation please take consideration mandatory receipts section order receive item ordered kind regards administrator	Purchase
po wednesday december pm po hi please log store thank thank administrator	Purchase
  thursday pm hi teams part order number replace today reason informed display cracked piece needed improvise updated represent recently received upload label attached sorry about supplier mess thanks resolution please log replenishment thanks administrator phone	Purchase
po wednesday pm hi folks has please log installation thanks please perform order number by tutorial funny name mean compliment please feel offended made search got these origin surname thanks administrator phone	Purchase
new purchase po purchase po dear purchased please log allocation please take consideration mandatory receipts section order receive item ordered how video please explorer kind regards administrator	Purchase
new purchase po retrieval purchase po dear purchased has please log allocation please log retrieve old device after receive item please take consideration mandatory receipts section order receive item ordered how video link please receipt number item needed processed thank kind regards administrator	Purchase
  tuesday pm re done created receipt tuesday pm purchased two mobile devices requested by android galaxy edge galaxy please allocate these final owner important step take please receipts proceed receive devices by searching po number thank administrator phone	Purchase
install galaxy a device and july pm mobile device number ex hi please log installation install galaxy device took over position her phone number had track down issues her number redirecting personal phone number fixed by good thank much administrator mobile phone	Purchase
  hi both follows order please log installation tickets thanks please proceed receive orders by tutorial please explorer administrator phone	Purchase
installation for thursday pm required installed hi please install computer thanks lead	Purchase
new purchase po february pm purchase po dear purchased spare please log installation please take consideration mandatory receipts section order receive item ordered encounter multiple items select by ctrl key clicking how video feature kind regards administrator	Purchase
new purchase po purchase po dear purchased license perpetual license perpetual please log allocation kind regards administrator	Purchase
document purchase order requisition implemented wednesday pm document purchase order requisition implemented dear purchased requested by items please log installation kind regards administrator tuesday pm document purchase order requisition implemented task application document purchase order requisition implemented details assignee assigned date expiration date task number sold entity order buyer ordered approximately nonrecoverable tax justification order details supplier computer supplier site site location supplier order description note supplier requisitioning requisition requester cost center attachments po	Purchase
new purchase po tuesday purchase po dear purchased pixel rugged black tempered glass pixel please log allocation please take consideration mandatory receipts section order receive item ordered how video please explorer kind regards administrator	Purchase
  march pm hi purchased devices jersey inch pro thunderbolt thunderbolt adapter adapter lightning cable adapter adapter extension cable digital adapter gigabit adapter shipped march protection plan pro machine has uploaded under please log installation thanks intervention needed please perform these items talking purchase order added short how thanks much administrator phone	Purchase
new purchase po purchase po dear purchased savage red cl please log allocation please take consideration mandatory receipts section order receive item ordered how video please explorer thank administrator	Purchase
allocation december pm allocation dear please allocate client members pm approvals thanks	Purchase
new purchase po thursday purchase po dear purchased please log allocation please take consideration mandatory receipts section order receive item ordered how video explorer kind regards administrator	Purchase
new purchase po pm purchase po dear purchased received items galaxy spate clear galaxy black red mobile subscription updated include device under user name link please add installing device thanks kind regards administrator	Purchase
new purchase thursday july pm hey has requested by please log installation please perform order number thank everyone administrator	Purchase
new purchase po friday november pm purchase po dear purchased patch cord cat drive capless gen cable cable please log installation please take consideration mandatory receipts section order receive item ordered kind regards administrator	Purchase
new purchase po wednesday march pm purchase po dear purchased inch monitor please log installation kind regards administrator	Purchase
hardware po purchase po dear purchased received items lite updated include device under user name link please add allocation device thanks please log retrieve old device please make return old device back accessories left receive receive old device take off user name kind regards administrator	Purchase
new purchase po friday purchase po dear purchased apple link galaxy link galaxy link please log allocation please take consideration mandatory receipts section order receive item ordered how video kind regards administrator	Purchase
purchase request for it final owner id has been approved july pm purchase final owner id has approved hi purchased please log install item thank administrator ext	Purchase
new purchase po friday july pm purchase po dear purchased replacement battery cartridge please log allocation kind regards administrator	Purchase
new purchase po one friday july pm purchase po dear purchased link link please log allocation please take consideration mandatory receipts section order receive item ordered how video please explorer kind regards administrator	Purchase
new purchase po thursday november purchase po dear purchased backpack please log installation please take consideration mandatory receipts section order receive item ordered kind regards administrator	Purchase
document purchase order requisition implemented tuesday document purchase order requisition implemented dear purchased please log installation kind regards administrator friday july pm document purchase order requisition implemented task application document purchase order requisition implemented details assignee assigned date expiration date task number sold entity order buyer ordered approximately nonrecoverable tax justification order details supplier comp supplier site site location tower supplier order description note supplier requisitioning requisition requester cost center attachments po	Purchase
document purchase order faulty invoice re document purchase order requisition implemented hi curious why costs much have look parallels what can tell their official looks like cost about per year for license or for edition invoice way too much please look into make what you correct thank you date friday november document purchase order requisition implemented access task application document purchase order requisition implemented output text details assignee assigned date expiration date task number sold entity order buyer ordered nonrecoverable tax justification order details supplier supplier site location states supplier order description note supplier requisitioning requisition requester cost center attachments po	Purchase
new purchase po july pm purchase po dear purchased trio trio years years please log allocation please take consideration mandatory receipts section order receive item ordered how video please explorer kind regards administrator	Purchase
new purchase po purchase po dear purchased lite mobile subscription updated include device under user name please log allocation device after receive item please take consideration mandatory receipts section order receive item ordered how video link please receipt number item needed processed kindly asking thank kind regards administrator	Purchase
new purchase po february pm purchase po dear purchased type adapter please log installation please take consideration mandatory receipts section order receive item ordered kind regards administrator	Purchase
new delivery intend intend hello teams received intend po invoice po invoice please advise please log receiving items kind regards engineer ext	Purchase
new purchase po wednesday november purchase po dear purchased keyboard layout please log installation please take consideration mandatory receipts section order receive item ordered kind regards administrator	Purchase
new purchase wednesday march pm purchase dear purchased deep cool please log installation please take consideration mandatory receipts section order receive item ordered how video kind regards administrator	Purchase
your case has been updated has updated dear help understand mean problem december pm re has updated away december has updated boost has updated boost has updated ref ref sharif technical consultant reading	Purchase
new purchase po july pm purchase po dear purchased la la se components sheet tray components stand please log allocation please take consideration mandatory receipts section order receive item ordered how video please explorer kind regards administrator	Purchase
wants to access resources wants resources upload profile accept decline requests	Storage
access wednesday march pm wants bids accept decline	Storage
your mailbox is almost full mail quota your mailbox almost full dear could you please increase mailbox memory thanks best regards sent friday october your mailbox almost full importance high your mailbox almost full mb mb current size maximum size please reduce your mailbox size delete any items you need your mailbox empty your deleted items folder	Storage
immigration mailbox is full used wrote inform above shared mailbox cannot be used any longer because reached quota limits	Storage
account thursday february pm wants accept decline	Storage
wants to access with thursday december pm wants analyst order perform daily tasks related incidents accept decline	Storage
access to folder folder dear folder bonus other accruals by way thanks	Storage
full mailbox sent monday undeliverable access card leaver failed these or groups recipient mailbox full can accept please try message later or contact recipient directly following organization rejected your message diagnostic information for administrators generating server remote server returned mailbox full deliver exception failed process message due permanent exception with message cannot open mailbox configuration servers attendant stage original message headers with server id mon with id mon content type application name content transfer encoding binary access card leaver thread topic access card leaver thread index date mon message id db accept language en en content language en attach yes db mime version transport hosted originating return path response suppress	Storage
mailbox is almost full your mailbox almost full hi please kindly extend mailbox limit thanks sent thursday december your mailbox almost full importance high your mailbox almost full mb mb current size maximum size please reduce your mailbox size delete any items you need your mailbox empty your deleted items folder	Storage
wants to access meet our head of testing at february wants meet head testing please provide accept decline	Storage
check rights rights hi please rights view upload supplier contracts thank officer	Storage
outlook almost full wednesday pm almost hello help almost tried archive delete items version updated best regards design lead please consider environment print	Storage
mailbox increase wednesday july pm mailbox almost importance high dear please more mb thank planning officer ext	Storage
wants to access planning wednesday february wants planning bid squad member information had old site replicate rights thank accept decline	Storage
set permissions for shared folder on storage thursday pm re permissions shared folder has assigned hello thank guidance while perform these steps noticed type were greyed out given how further assist also left regarding picked unsure completely solved kind regards analyst ext hub thursday pm permissions shared folder has assigned hello best investigate due lack permissions due misunderstanding create groups whom then shared folders since exist were kindly specified by user please create digital directory inside storage groups added added write folder ecosystem cr thank matter groups groups which work groups easily converted groups by ticking type tab shown worries groups also retain properties after change please give once changed groups wait around minutes changes propagate then newly created shared folder proceed close more help hesitate thanks kindest regards engineer permissions shared folder has assigned hello please advised record number has assigned please review details take appropriate action reference number details requested location center summary permissions shared folder additional comments requirements thursday pm share folder hi guys please log per thanks thursday pm re share folder hey afraid got lost somehow log permissions part progress please assign appropriate thanks regards leader thursday re share folder hello updates thanks thursday re share folder thank cheers thursday re share folder hi investigate permissions part back update regards leader thursday share folder hello please has bounced back permissions looking forward thank wednesday pm share folder hello writing regarding has returned back via by after pass done by required knowledge fulfill type issue permissions ad create groups add users directly folder mostly create issues future added hard manage kindly advise how process ones follow future cannot complete correctly permissions looking forward hearing thank kind regards rare analyst ext hub friday pm shared folder digital hello please advised has assigned queue best regards analyst ext hub has assigned hello please advised record number has assigned please review details take appropriate action reference number details assign reference assignment summary null choose template applicable please provide short description shared folder digital details hi shared folder digital within please create digital directory inside storage groups added added write folder ecosystem cr thank priority affected add requested location location please link kind regards ref msg assign reference assignment summary location center please link kind regards	Storage
need access to app testing folder pm app testing folder hi please provide folder storage app testing thanks	Storage
release permissions for on friday requestor requested release permissions	Storage
wants to share step offers with december pm wants share step offers want share step offers accept decline	Storage
oracle reports wednesday pm reports hi guys save customized reports shared location think please thanks shared	Storage
admin rights rights hello observed rights anymore tried setup tool testing unable since required right next step obtain ask thank	Storage
drive size thursday july pm drive size hi guys please drive size increased receive drive store although work confidential information which cannot store times let regards	Storage
exchange permissions for ms co local support team pm re priority update mailbox hello deleting old also remain teams permission increase size mailbox please investigate kind permissions has coordinator priority update mailbox hello make priority has modified reference number summary mailbox priority moderate resolution target date wish discuss further detail please track progress endpoint via link kind regards ext ref msg	Storage
empty fields empty dear please initiate teams update empty test colic colic senior consultant	Storage
employee hub documents where are they hub where hi help please inquiry store folder hub were moved deleted etc thank thursday re hub where hi right hub store said folder created investigate thank much noticing lovely wednesday pm hub where hi thought were owner hub has changed recently noticed under number where moved were previously noted others forgotten these understood hub where stored personal policy policy referral policy bribery policy summary matrix background code conduct corporate responsibility policy environmental policy handbook speak policy regards	Storage
wants to access gold wants gold required feedback collected accept decline requests	Storage
wants to access testing wants access testing access accept or decline request requests	Storage
increase mailbox quota wednesday march pm additional mailbox storage required hi please kindly receive least mails storage working lot vendor proposals reports require additional mails contain range mb deleting mails daily basis help more thanks kind regards	Storage
new planning analysis a team friday july pm hi please create planning analysis myself also please advise how add thanks	Storage
full outlook full hello please help with large memory for short be able receive thanks specialist en address blvd th floor district click here find out more about experience	Storage
cannot edit files after given contribute rights granted access facilities libraries shared view ribbon facilities libraries accessories view db ribbon by adding here ad facilities member have made share screen with her she can access links but cannot them	Storage
documents folder december pm folder hi please add folder seems please attached print screen folder order extract birthday calendar thank communication specialist	Storage
new folders create folder under folder	Storage
mailbox almost full sent monday february your mailbox almost full importance high dear possible increase mailbox size receive below message thanks agile manager agile practice lead sent monday february your mailbox almost full importance high your mailbox almost full mb mb current size maximum size please reduce your mailbox size delete any items you need your mailbox empty your deleted items folder	Storage
write permission for pas monthly reports wednesday pm write permission reports importance high dear please write permission reports absence enter comments report which scheduled reviewed tomorrow by please treat high priority thanks head	Storage
wants to access documents wednesday pm wants working cleaning design accept decline	Storage
access to project shared folder and to maxim and shared folder hi guys join please shared folder also has please him add him thank	Storage
wants to access olympus connect pm wants olympus connect accept decline	Storage
access to vacation file hello please module also needs work her vacation regards leader	Storage
wants to access tuesday march pm wants more about happens filter search candidates better accept decline registered under number whose registered old broad street kingdom provide clients each sub	Storage
make owner of requisitions friday pm generic creation hi please make owner thank ext mob friday pm generic creation find out more about experience blvd floor district please refer section entities tuesday july generic creation july generic creation hello please informed requisitions requisitions has created according listed members were added important note visible after creation order right choose lists book well since has added owner she needs add users she follow steps find requisitions lists right properties modify members add find user kind regards analyst ext thursday july pm generic creation hello please advised two types groups shared mailbox which added additional mailbox under personal mailbox come separate mailbox users added client these come personal mailbox users owners please kindly let which two also note lists accessed inside by default please also let allow members mails kind regards analyst ext july pm generic creation dear please create generic named kindly add member thank	Storage
storage expansion december storage expansion good morning hoping expansion storage currently cutting spending quite awhile removing archiving cheers change control presence mob	Storage
shared folder access for thursday november pm joins hi guys joining please him per attached	Storage
wants to access word wants word accept decline requests	Storage
out of space out space hello could you please help increase receive message every full but have already deleted less important mails thanks regards master	Storage
wants to access wants work documentation thank accept decline requests	Storage
employees photos folder on pm employees photos folder hello were old folder photos employees each location find folder named employees photos unfortunately cannot please help issue thank much kindest regards	Storage
access to folders for wednesday february pm folders hi please user folders covering clients thank best regards programme portfolio officer	Storage
wants to access practices thursday february pm wants practices please accept decline	Storage
wants to access wednesday july wants review doc accept decline	Storage
wants to access oracle hr implementation sent tuesday awaiting your response wants access hello thanks for looking into apologies for but replied address wednesday yes if press longer get sorry you have permissions message getting one below instead think good thank you very much best regards applications analyst ext en upcoming leave th sent wednesday re wants access hello please be informed adjusted your rights contribute could you please check if works expected best regards engineer sent wednesday wants access hello could you please check if have upload rights know have access but if click add document prompted message hence message transfer form write access was requested accept or decline request	Storage
mailbox full mailbox full dear full have setup archive policy but help can you please advise thanks head applications ext	Storage
mailbox almost full tuesday november pm mailbox almost importance high hi please help regards issue thanks senior software developer november mailbox almost mailbox almost mb mb size maximum size please reduce mailbox size delete items mailbox empty deleted items folder	Storage
mailbox for agile champions for tuesday march mailbox agile hi please create mailbox agile area release planning follows mailbox agile owner members thank	Storage
wants to access internal project proposal thursday december pm wants proposal please provide accept decline	Storage
mailbox tuesday july mailbox hi guys had mailbox since she left believe regards technical	Storage
wants to access hub trainings wants hub trainings upload results mandatory trainings accept decline requests	Storage
wants to access account documentation thursday march pm wants documentation please allow view docs part accept decline	Storage
remove the fusion control mailbox from outlook profile sent friday mailbox removal hi can you please remove fusion control mailbox profile tried remove through settings but show additional mailbox thank you officer	Storage
access to mailboxes for thursday pm re shared mailbox creation approved regards leader re shared mailbox creation thank meantime please both shared mailbox thank regards accounts payable accountant tuesday pm shared mailbox creation hello please advised shared created please attached guide how add regarding please inform name require advise type require kind regards specialist ext hub re hello option shared mailbox phone number needs please let further information regards leader hi kindly advised has logged more detail order make completely understand query two types groups shared mailbox which added additional mailbox under personal mailbox come separate mailbox users added client these come personal mailbox users owners also note lists accessed inside by default please also let allow members mails please let which two also please advise number allocation referring mobile phone number number looking forward hearing best regards thursday pm hello please create please give these also please assign phone number please let further information regards leader	Storage
eel access for copy permissions	Storage
access to new and dedicated folder friday pm dedicated folder dear please site well part folder thank country friday reports layouts community reports period reports view chief officer	Storage
welcome message signature review tuesday february pm signature review dear please review attached signature leaving thank	Storage
wants to access november wants accept decline	Storage
access to storage projects kickoff november storage kickoff hi give drive storage kickoff thanks	Storage
restore folders pm restore folders hi little bit urgent help restore folders how please help officer floor blvd district	Storage
access to course com mailbox course mailbox dear colleagues please same level myself mailbox course quite urgent appreciate timely resolution senior engineer	Storage
wants to access sales marketing thursday re wants hi thank then change please write similar encounter other problem thank best wednesday pm re wants hi please informed checked user rights download templates result change visitors rights other groups more assistance feel free best regards engineer wednesday re wants hi taking example site share templates content relevant which download work site owners restrict visitors folders pages wish imagine upgrading visitors rights download affect confidential folder sites redefine visitors rights think better visitors download reader members thank specialist tuesday pm re wants hi thank please advise allow download visitors thank best tuesday re wants hello please informed moment visitors cannot download enable visitors download option without add members provide contribute rights members hole library approve proceed added he owner site listed section best regards engineer pm re wants hello assigned moment awaiting status discipline lead pm re wants importance high hi thank much raising heads about please let thank best date re wants hi had site misunderstanding please comments rights follows owners control members contribute write download upload copy modify visitors content clear download well must site visitors rights allow download document then changes re members add because listed reflect reflect members moment other well take out rights members apply please visitors download rights must changed possible think permission anyone members members other site owners think relevant said member thank specialist re wants hi bit more please issue everyone site where keep resources owner site she advise clarify please how help regards head fwd wants begin forwarded date wants hello due listed site owner input thank kind regards analyst ext hub tuesday wants resources accept decline	Storage
old to be migrated hello please informed migrated offices site location links forms forms kind regards engineer tuesday re old retrieved hello please treat priority thank tuesday re old retrieved hi necessarily make old folder editable merely migrate high priority folder question collaborative tool offices fit out currently working couple floors floor both tight schedules please indicate person help thank blvd floor tuesday old retrieved hi kindly note provide justification order make old content editable again approved by owner afterwards looking forward hearing thank help best regards analyst ext hub pm re folder importance high thank blvd floor pm folder importance high hello perhaps query towards permissions order fully migrate site thanks great ahead engineer re folder importance high hi thanks information folder possible help migration she has please indicate owner particular folder touch thank blvd floor friday pm folder hello afraid rather expected please refer attached additional part migration old decommissioned starting preparation decommissioning old sites locked also reason cannot create matter content strongly recommend back files promptly better yet quickly transition order make content migrated thanks great weekend ahead engineer re folder importance high hi create please investigate thank regards blvd floor wednesday july pm folder hello previously discussed glad let site has created per together permission schema found proceed close more help hesitate thanks kindest regards engineer tuesday july pm folder importance high hi please create folder named offices restricted rights rights possible becoming more more complicated share high resolution plans supplier contracts by thank much blvd floor pm re folder importance high thank blvd floor pm folder importance high hello perhaps query towards permissions order fully migrate site thanks great ahead engineer re folder importance high hi thanks information folder possible help migration she has please indicate owner particular folder touch thank blvd floor friday pm folder hello afraid rather expected please refer attached additional part migration old decommissioned starting preparation decommissioning old sites locked also reason cannot create matter content strongly recommend back files promptly better yet quickly transition order make content migrated thanks great weekend ahead engineer re folder importance high hi create please investigate thank regards blvd floor	Storage
wants to access resources wants resources accept decline requests	Storage
cannot run reports oracle cannot run reports hello every want run reports screen looks like below cannot chose criteria for example try run reports following path below tools reports shared folders custom programme expense reports details or tools reports shared folders custom programme open po report or transaction report can you please check thank you kind regards programme portfolio officer	Storage
wants to access resources wants resources signature accept decline requests	Storage
access share point thursday share hi please colleague share thank regards senior accountant	Storage
wants to share with everyone tuesday wants share feedback everyone want share feedback doc everyone accept decline	Storage
wants to share people managers with wants share want share accept decline requests	Storage
access to storage projects kickoff storage kickoff hi guys storage kickoff quite urgently thanks client director	Storage
wants to access the year contribute tuesday march pm wants has cookies accept decline	Storage
wants to access resources write friday wants resources certification accept decline	Storage
khan wants to access documents thursday pm wants working accept decline	Storage
access request thursday pm hi please arrange folder files within please write required forms working area log add view thank technical programme planned holiday none planned	Storage
mailbox usage on sent monday november your mailbox almost full importance high hi keep receiving below message can you please investigate have archive but last archived dated dec th floor blvd district sent monday november your mailbox almost full importance high your mailbox almost full mb mb current size maximum size please reduce your mailbox size delete any items you need your mailbox empty your deleted items folder	Storage
to access start up correction re wants access start up hello should be given access following link full start up folder hub trainings dad thanks	Storage
wants to access tuesday july pm wants hi connected order resources accept decline	Storage
access requirements access friday pm requirements hi guys please arrange permissions level copy permissions shared drive thanks officer	Storage
folder finished add december pm folder please folder has thanks	Storage
write permission on friday december permission importance high hi please help permission file records inventory assets tags leavers kind regards administrator	Storage
access for systems for add to am oracle team hello please part assignment add board shared mailbox thank analyst	Storage
extension of drive extension drive hello drive extended by order update thank developer	Storage
mailbox full sent friday march mailbox almost full hi mailbox almost full have archive option there any way size mailbox can be increased	Storage
your mailbox is almost full friday february pm mailbox almost importance high dear please provide more mailbox thanks friday february mailbox almost importance high mailbox almost mb mb size maximum size please reduce mailbox size delete items mailbox empty deleted items folder	Storage
mailbox info mailbox hello recently mailbox created under mailbox creation please provide information requested kind regards infrastructure consultant infrastructure	Storage
wants to access test wants test please give document accept decline requests	Storage
wants to access requests thursday march wants part regards accept decline	Storage
need access to a network location location hi previously had location folders files please give since keeping shared regarding more clarification details let best regards senior tester	Storage
access needed to a shared folder december needed shared folder dear colleagues please assist granting write location store human resources also copied kind regards job specialist	Storage
wants to access documents wants working berkeley accept decline requests	Storage
wants to access march pm wants please allow spreadsheet accept decline	Storage
access to folder on thursday december pm folder hello please let folder bonus thanks	Storage
wants to access management contribute thursday february wants working accept decline	Storage
access to process work streams on new thursday february pm wants process work streams please accept decline	Storage
wants to access planning wants planning hi name site order upload resume thank accept decline requests	Storage
wants to access testing discipline thursday december pm wants testing discipline please accept decline	Storage
mailbox full tuesday mailbox dear receiving messages mailbox almost receive deleted old delete more tried find archive functionality find help solution regards registered under number whose registered old broad street kingdom provide clients each subsidiaries separate entity has	Storage
mailbox increase mailbox increase hello can you increase mailbox size for please have available archive but mailbox full again very important for them thanks engineer ext	Storage
wants to access friday pm wants because change signature directed require resources pointed received accept decline	Storage
wants to share new regression on test with everyone thursday february pm wants share regression test everyone want share regression test everyone accept decline	Storage
wants to access planning wednesday february pm wants planning test accept decline	Storage
write rights on one tuesday pm write rights hi please enable write folder myself thank discipline lead	Storage
wants to access shareable content guidelines and tips wants shareable content guidelines tips please user accept decline requests	Storage
full mailbox sent tuesday re mailbox full importance high hello we have same issue with could you please have look thank you leader ext en address st emergency telephone number	Storage
sit wants to access service report wants report because pm document accept decline requests	Storage
wants to access project documentation february pm wants documentation involved please provide thank accept decline	Storage
access issues friday march pm issues hello cannot add additional rights folder please write teams these location view ribbon thanks find out more about experience	Storage
access to systems site wednesday pm wants cost control meeting scheduled accept decline	Storage
access to kick off folder wednesday october pm kick off folder hi please provide kick off folder storage kickoff glasgow liverpool thank	Storage
wants to access final mile discovery wants final mile discovery review accept decline requests	Storage
assistance with removing the from outlook re shared mailbox hi add added how delete work please help thank officer	Storage
redirection redirection folders these chief officer	Storage
access only to one folder new sent access only one folder hello guys please could you log ticket for have granted contributor access folder only supposed be able access one folder library others when opening shared with shows folder shared with him however keeps getting access denied please can you investigate enable access for him only folder thank you leader en	Storage
wants to access infrastructure integration thursday re wants infrastructure hello please informed these had unpublished published version please more works properly more assistance feel free best regards engineer pm wants infrastructure struggle contribute infrastructure plan without had equivalent folder old accept decline	Storage
help with adding shared mailbox to outlook profile issue dear please help add shared actual tried wrong opening thanks officer ext	Storage
wants to access delivery wants hi part please provide per accept decline requests	Storage
mailbox size increase friday mailbox almost importance high hi guys mailbox almost please extend thanks friday mailbox almost importance high mailbox almost mb mb size maximum size please reduce mailbox size delete items mailbox empty deleted items folder	Storage
remove obsolete permissions on mailbox obsolete permissions mailbox hello please kind log under name rows red attached spreadsheet permissions red specified mailbox further details required please liaise he needs kept updated about progress thank best regards leader friday permissions clean si tine la cum merge re permissions si merci fain kind regards thursday pm permissions discussed red needs removal change thanks	Storage
restrict access to tax project friday pm folder hi folder tax please restrict myself please thanks tax	Storage
please check whether mails coming from net are not being blocked for mailbox tuesday november please mails coming mailbox hi guys please were mails thank kind regards senior engineer	Storage
mailbox size increase thursday more required hi please more every second delete make far ideal deleted more than feel comfortable regards	Storage
wants to access practices thursday february pm wants practices write needed recruiter these resources accept decline	Storage
para wants to access wants contribute requests	Storage
please enable on this location hello please enable location forms customers press reports view ribbon thanks kind regards	Storage
creation mailbox windows upgrade and deployment wednesday creation mailbox upgrade hello talked create mailbox right diffusion mailbox mailbox name idea please let thank help best regards	Storage
cleanup temp file from pc tuesday pm cleanup temp file pc hi please help cleaning file pc thanks thanks ext mob	Storage
mailbox size increase mailbox size hi please increase size mailbox thanks senior developer ext	Storage
approaching web site storage limit february re approaching site storage limit thank handy regards february re approaching site storage limit hi thank raising available please needed thank best date february approaching site storage limit hello got exceeding personal site storage limit looks remains same since had testing ago while convince colleagues work limit mb much helps please push limit least thank february approaching site storage limit receiving because administrator site which has exceeded warning level storage how much storage taken by site view site collection usage summary layouts	Storage
access to integration folder oracle fusion thursday pm folder hi please thank reports solved best regards application engineer thursday pm re folder approved thursday pm re folder va integrations senior engineer thursday pm folder dear kindly ask give permission folder named files contains needed fulfil job responsibilities related role planning analyst thanks planning analyst	Storage
restrict access to folder restrict folder dear colleagues please help asap within folder resources signature seems rights changed editing ones thank best date tuesday october restrict folder hi guys please asap how folder site please restore versions signatures had example modified by various users except files had delete thank	Storage
wants to access planning february pm wants planning please provide write file also out guess browse view folder too accept decline	Storage
wants to access people operations november wants please control thanks accept decline	Storage
increase the size of mailbox july pm increase size mailbox hi help increasing size mailbox archived items until says mailbox almost great	Storage
ion wants to access documents friday march pm wants lead testing bid vault accept decline	Storage
wants to access testing discipline thursday december pm wants testing discipline please give location accept decline	Storage
access for to resources resources hi guys joined shared folder please per kind regards	Storage
access to shared mailbox july membership hi guys include additionally please phone number thanks senior engineer	Storage
wants to access delivery wants solution owner work lot keep sync capabilities skills required by agile solution accept decline requests	Storage
nixon wants to access systems friday pm wants require role accept decline	Storage
unable to share calendar sent monday re mailbox for week hello have added with success but still have some problems cannot change avatar image cannot share calendar could you please assist with above kind regards engineer sent friday mailbox for week hello kindly be advised we have created shared mailbox for you your please find attached short guide how add mailbox have access mailbox please use following password gen should you require further assistance let know happily assist thank you kindest regards analyst ext hub sent friday mailbox for week hello thank you for getting back please note we have ticket assigned our queue we working fulfilling your request we keep you posted let you know mailbox completely set up synchronized with our let know should you require further assistance happily assist thank you kindest regards analyst ext hub after creation shared mailbox week encountered above issues sent friday re logged mailbox for week hello any updates regards ticket we need possible kind regards engineer	Storage
shared box creation tuesday pm shared help create dear colleagues please help create dedicated shared among members name events by users subscribe events thank communication specialist	Storage
access to documents wants assisting thanks accept decline requests	Storage
increase mailbox size contacted her mailbox size increased tot se ca tot ca si tot	Storage
access to new thursday november wants because accept decline	Storage
can not pass information from a folder on the red to computer please assign to local it bogota can transfer file with names folder red computer	Storage
column necessary to be added oracle column added hi please rise assign thanks best regards engineer wednesday pm re column added please proceed thank wednesday pm column added hi approve please thanks best regards engineer wednesday pm column added dear colleagues please help by tax exemption column report reports section custom folder folder information about tax exemption taken core manage person screen under information details remember thanks help job specialist	Storage
wants to access planning february pm wants planning because crucial work accept decline	Storage
access project documentation wants documentation require directory accept decline requests	Storage
add location testing discipline location hi file keep information relevant discipline please create folder testing discipline under shares write write right testing testers regards head testing	Storage
query on mailbox increase mailbox almost dear please let other options dealing other than straight deleting increasing mailbox size etc thank mailbox almost importance high mailbox almost mb mb size maximum size please reduce mailbox size delete items mailbox empty deleted items folder	Storage
wants to access project documentation wednesday wants documentation please approve accept decline information confidential legally privileged intended solely addressee opinions expressed mine necessarily represent opinions susceptible interference intended recipient disclosure copying action taken omitted	Storage
send as permissions for com wednesday re create delete shared mailbox hi please kind give rights added privileges believe purposes shared recruit students receive also please kind regards senior application engineer	Storage
rights for upload documents to thursday july pm rights upload hello regarding fresh grades program upload files provide help rights files presentations which made program best regards tester	Storage
wants to access thursday december pm wants requested accept decline	Storage
wants to access account documentation requests tuesday wants documentation developer materials accept decline	Storage
rights access for on october pm rights hello please replicate rights permissions thanks accounts receivables accountant ext	Storage
your mailbox is almost full mailbox almost hi guys per mailbox extended please help thanks friday november pm mailbox almost importance high mailbox almost mb mb size maximum size please reduce mailbox size delete items mailbox empty deleted items folder	Storage
configure sonar apache on sp sonar to redirect requests to sonar apache sp sonar redirect requests dear colleagues please log reconfiguration apache sp sonar old redirect requests thank engineer	Storage
mailbox increase called mailbox size increase although he has his mailbox currently reached although he has archiving	Storage
configure access rights wednesday re rights thank works charm best regards discipline lead wednesday re rights hello please informed granted permissions level order manage rights files by yourselves also please find attached guideline which describe how manage permissions more information please hesitate best regards engineer tuesday re rights thank sad hear guess tool share files best regards discipline lead tuesday re rights hello please informed moment cannot manage by yourself restriction permissions order actions permissions level please specify folder create which permissions best regards engineer tuesday re rights hello please informed moment cannot manage by yourself restriction permissions order actions permissions level please specify folder create which permissions best regards engineer wednesday pm re write rights thank please let how restrict files few currently add content accessible by pretty much everyone thanks discipline lead wednesday pm write rights hello please advised has completed further assistance required please let thank kind regards analyst ext hub tuesday pm re write rights hi approved tuesday pm write rights hello kindly looking forward hearing thank best regards analyst ext hub tuesday pm write rights hi please enable write folder myself thank discipline lead	Storage
reinstate local admin rights off project reinstate rights off hi please process reinstate rights since currently off thank assistance regards engineer	Storage
wants to share final with everyone wants share final everyone want share final key everyone accept decline requests	Storage
access request for tag file friday february re tag file hi guys please update topic kind regards administrator thursday february pm tag file hi please write tag excel file link tags licenses kind regards administrator	Storage
wants to access documents friday wants review accept decline registered under number whose registered old broad street kingdom provide clients each subsidiaries separate entity	Storage
access to accounting folder on partition friday pm re requested hello regarding please received identical document attached seems thanks	Storage
permissions removed by mistake sent tuesday permissions dear was trying create some restricted permissions for folder planning ca view seem have removed own rights permissions can you please add again full owner folder thanks	Storage
replace file on one com pm replace file dear please help replacement file folder marked file replaced attached kind regards analyst	Storage
issues with permissions new sent thursday re link hello thank you for your speedy assistance today please can you log ticket for investigate why cannot access site after granted access thank you leader en sent thursday re link importance high hi thank you for informing about what know you should be able share only one folder whole library can you please advise set we dealing with some kind bug or case thank you best marketing manager date thursday link hi guys please log another permissions incident ticket for beginning be very frustrating have shared site with public information should be open everyone governance processes sometimes we need restrict views libraries folder level for instance if have library can only be seen by myself create folder library want share with apparently cannot folder structure either give permission access full library or or create artifice really have create take care broken inheritance etc would really appreciate if same features our old sp access enabled platform if possible have same setup application after would really like things be better worse please help if doing anything wrong thank you leader en sent thursday re link thanks afraid still blocked accessing documentation folder if you think you up seem have done trick for least sent re link thank you looks great hoping you have access our open public documentation kind regards leader en sent thursday re link added promoted links tm said resolve for have rights view contents change won give you access right unless you have them gift if or when you have access rights suggest far easier bookmark link go straight rather than navigate round exactly regards	Storage
wants to share map documentation with ion july pm wants share map documentation want share map documentation accept decline information confidential	Storage
file details needed advise discussion inform her every user wednesday pm file details needed hi order keep file employees run script updating common file every create starter thanks officer	Storage
access to new sales friday wants bid accept decline	Storage
suspicious found running processes hi please respond urgently noticed one strange process running pc today process name location users only file folder nothing what did for killed process disabled tab removed entries found regarding process have updated running performed file but infected files were found please advise further actions	Storage
outlook memory warning thursday february memory warning hello receiving out memory warning assume clean mails done way increase mails kind regards application developer	Storage
full mailbox hello part her full she maternity leave she probably check her mails problem every someone sends undeliverable message sent think continue for whole year until she comes back cold you help with problem thanks	Storage
account tuesday pm unable document hi unable document which integral sensitive please thank boat bb view ad	Storage
new pas permissions tuesday october pm permissions hi logged believe issue forecasts reports accounts although everything seems greyed out assume because rights please help permissions similar thanks	Storage
wants to access a tuesday march wants allocated accept decline	Storage
permission to make changes required notes permission make changes required hello please provide permission make changes folder disciplines testing testing design tests order update documentation find more details thanks tester	Storage
access to location people operations friday february pm wants please accept decline	Storage
wants to access practices thursday february pm re wants practices hi guys fine helped thank thursday february wants practices please help accept decline	Storage
mailbox full mailbox full hello could you please help with below issue personal mailbox full thank you accounts payable accountant phone	Storage
access removal snow thursday pm removal hi guys please assist removing accesses had retained old position mailbox remain mailbox checks mailbox permissions extension release phone paths please let require further details thanks coordinator ext	Storage
access required required dear please give mailbox thank questions please let	Storage
wants to access wants looking information relevant sp accept decline requests	Storage
storage canada storage canada hello please assign order provide storage details canada report environments total allocation disk out total available similar storage please let more needed thanks	Storage
access to mailbox october pm mailbox hello please help granting mailbox search her folders copied she approved thank	Storage
file upload request on storage it applications wednesday february file upload storage hi please copy folder storage let done thanks kind regards officer	Storage
mailbox full sent thursday mailbox full dear colleagues mailbox almost full could you please advise what can be done lose but still have access them deleted unnecessary ones but still same issue please attached thanks shared officer ext st emergency telephone number	Storage
from mailbox mailbox hello please help mailbox part thanks officer ext	Storage
add to com shared mailbox thursday march add member hi please kind add thanks help upcoming holiday blvd	Storage
access to new thursday december pm re important release reports hello please location reports layouts reports forms reports period november reports client reports view ribbon meantime reports upload thanks thursday december pm re important release reports granted sp site provided reports upload thanks re important release reports hi cycle location upload reports reports layouts reports forms reports period november reports client reports view ribbon starting next reports centrally stored under repository folder thanks wednesday december important release reports good morning please regarding functionality by report status required least allow blockers pack work questions please let thanks	Storage
wants to access documents tuesday february wants hi part infrastructure accept decline	Storage
access needed needed hello please folder storage reports thank	Storage
editing rights to people development practice hello please informed assigned contribute write permission level folder guidelines uploaded please link id best regards engineer wednesday november pm re editing rights hi please provide few more details rights role assigned available possible editing rights perhaps document link upload document folder create folders thank kind assistance regards hello please informed please works properly more assistance feel free best regards engineer tuesday november editing rights dear please provide editing rights view thank	Storage
access to site friday pm permissions site hi please provide upload files folders resources library resources offers view require please thanks	Storage
